Id,Name
7051,Mutual St / Shuter St
7143,Kendal Ave / Bernard Ave
7113,Parliament St / Aberdeen Ave
7077,College Park South
7079,McGill St / Church St
7021,Bay St / Albert St
7161,Beverley St / College St
7195,Ulster St / Bathurst St
7017,Widmer St / Adelaide St W - SMART
7009,King St E / Jarvis St
7032,Augusta Ave / Dundas St W
7177,East Liberty St / Pirandello St
7045,Bond St / Queen St E
7158,King St W / Stafford St
7022,Simcoe St / Queen St W
7028,Gould St / Mutual St
7038,Dundas St W / Yonge St
7130,Davenport Rd / Bedford Rd
7042,Sherbourne St / Wellesley St E
7160,King St W / Tecumseth St
7004,University Ave / Elm St
7163,Yonge St / Wood St
7164,Gould St / Yonge St (TMU)
7050,Richmond St E / Jarvis St Green P
7133,Summerhill Subway Station
7192,Harbord St / Clinton St
7070,25 York St ? Union Station South
7059,Front St W / Blue Jays Way
7047,University Ave / Gerrard St W (East Side)
7023,College St / Borden St
7073,Spadina Ave / Fort York Blvd
7054,Navy Wharf Crt / Bremner Blvd
7065,Dundas St E / Parliament St
7122,Niagara St / Tecumseth St
7094,14 Arundel Ave
7033,Union Station
7034,Church St / Bloor St E
7144,Palmerston Ave / Vermont Ave
7202,Queen St W / Bay St (City Hall)
7093,Danforth Ave / Gough Ave
7039,Simcoe St / Michael Sweet Ave - SMART
7006,Bay St / College St (East Side)
7005,King St W / York St
7057,Simcoe St / Wellington St W South
7026,Bay St / St. Joseph St
7046,Niagara St / Richmond St W
7048,Front St W / Yonge St (Hockey Hall of Fame)
7203,Bathurst St/Queens Quay(Billy Bishop Airport)
7193,Dufferin St / Queen St W
7000,Fort York  Blvd / Capreol Ct
7078,College St / Major St
7044,Church St / Alexander St
7100,Dundas St E / Regent Park Blvd
7169,Front St W / Bay St (North Side)
7015,King St W / Bay St (West Side)
7168,Queens Quay / Yonge St
7019,Temperance St Station
7147,King St W / Fraser Ave
7127,Bay St / Scollard St
7011,Wellington St W / Portland St
7109,Seaton St / Dundas St E - SMART
7207,Dundas St W / Crawford St
7060,Princess St / Adelaide St E
7136,Queen St W / Close Ave
7052,Wellington St W / Bay St
7031,Jarvis St / Isabella St
7153,Bloor St W / Christie St
7035,Queen St W / Ossington Ave
7027,Beverley St / Dundas St W
7102,Nelson St / Duncan St
7016,Bay St / Queens Quay W (Ferry Terminal)
7197,Queen St W / Dovercourt Rd
7075,Queens Quay W / Dan Leckie Way
7013,Scott St / The Esplanade
7037,Bathurst St / Dundas St W
7002,St. George St / Bloor St W
7030,Bay St / Wellesley St W
7020,Phoebe St / Spadina Ave
7101,Lower Sherbourne St / The Esplanade
7196,Roxton Rd / Harbord St
7067,Yonge St / Harbour St
7064,51 Parliament St
7120,Gerrard St E / River St
7123,424 Wellington St W - SMART
7171,Ontario Place Blvd / Lake Shore Blvd W
7148,King St W / Joe Shuster Way
7068,Dockside Dr / Queens Quay E (Sugar Beach)
7014,Sherbourne St / Carlton St (Allan Gardens)
7049,Portland St / Queen St W
7216,Wellington St W / Stafford St
7204,College St / Crawford St
7176,Bathurst St / Fort York Blvd
7121,Jarvis St / Dundas St E
7074,Spadina Ave / Sussex Ave
7055,Jarvis St / Carlton St
7076,York St / Queens Quay W
7116,Bloor St E / Parliament St
7210,Mary McCormick Rec Centre (Sheridan Ave)
7041,Edward St / Yonge St
7087,Danforth Ave / Aldridge Ave
7069,Queen St W / Spadina Ave
7199,College St / Markham St
7167,Queen St E / George St (Moss Park)
7117,Castle Frank Station
7173,Cariboo Ave / Railpath Trail
7149,Yarmouth Rd / Christie St
7189,Augusta Ave / Denison Sq
7036,Trinity St /Front St E
7025,Ted Rogers Way / Bloor St E
7018,Bremner Blvd / Rees St
7129,Davenport Rd / Avenue Rd
7003,Madison Ave / Bloor St W
7010,King St W / Spadina Ave
7029,Bay St / Bloor St W (East Side)
7095,Danforth Ave / Ellerbeck St
7175,HTO Park (Queens Quay W)
7089,Church St  / Wood St
7115,Howard St / Sherbourne St
7104,King St E / River St
7097,Riverdale Park North (Broadview Ave)
7024,Dundonald St / Church St
7072,Fleet St / Bathurst St
7063,Queen's Park / Bloor St W
7190,St. George St / Hoskin Ave
7126,Yonge St / Yorkville Ave
7156,Salem Ave / Bloor St W
7012,Elizabeth St / Edward St (Bus Terminal)
7053,Metro Hall Plaza
7135,Hanna Ave / Liberty St
7114,Carlton St / Parliament St
7008,Wellesley St W / Queen's Park Cres
7007,College St / Huron St
7172,Strachan Ave / Princes' Blvd
7098,"Riverdale Park South (Broadview Ave, old)"
7056,Parliament St / Gerrard St
7162,Hayter St / La Plante Ave
7174,Bloor St W / Dundas St W
7061,Dalton Rd / Bloor St W
7208,80 Clinton St
7118,King St W / Bay St (East Side)
7103,Jimmie Simpson Park (Queen St E)
7686,Lower Jarvis St / The Esplanade
7205,Rusholme Park Cres / College St
7043,Queens Quay W / Lower Simcoe St
7040,Euclid Ave / Bloor St W
7058,Huron St / Harbord St
7188,Exhibition GO (Atlantic Ave)
7066,Willcocks St / St. George St
7211,Fort York Blvd / Garrison Rd
7099,Cherry St / Mill St
7146,Christie St / Benson Ave (Wychwood Barns)
7140,Macpherson Ave / Spadina Rd
7111,King St W / Douro St
7139,Glen Edyth Dr / Davenport Rd
7071,161 Bleecker St (South of Wellesley)
7119,Sumach St / Carlton St (Riverdale Farm)
7108,Front St E / Cherry St
7107,Cherry St / Distillery Ln
7110,Queen St E / Berkeley St
7062,University Ave / College St (West)
7105,Queen St E / Sackville St
7090,Danforth Ave / Lamb Ave
7092,Pape Subway Green P
7183,St Clarens Ave / College St
7155,Bathurst St / Lennox St
7191,Central Tech  (Harbord St)
7184,Ossington Ave / College St
7132,Kendal Ave / Spadina Rd
7170,Spadina Ave / Willcocks St
7091,Donlands Subway Station
7198,Queen St W / Cowan Ave
7150,Dufferin St / Sylvan Av (Dufferin Grove Park)
7209,Ossington Ave / Harrison St
7124,Dundas St E / Broadview Ave
7152,Ossington Ave / Bloor St W
7096,Boston Ave / Queen St E
7154,Bathurst Subway Station
7112,Liberty St / Fraser Ave Green P
7141,Bridgman Ave / Kendal Ave
7206,Claremont St / Dundas St W
7131,Taddle Creek Park
7179,Bloor GO / UP Station (West Toronto Railpath)
7084,Stephenson Ave / Main St
7151,Essex St / Christie St - SMART
7142,Bridgman Ave / Bathurst St
7157,Dufferin St / Bloor St W
7182,Sterling Rd / Dundas St W
7106,Mill St / Tannery Rd
7138,Davenport Rd / Christie St
7180,Lansdowne Subway Station
7137,Davenport Rd / Bathurst St
7178,Dundas St W / Edna Ave
7128,Yonge St / Aylmer Ave
7134,Marlborough Ave / Yonge St
7194,Mortimer Ave / Coxwell Ave
7086,Woodbine Subway Green P (Cedarvale Ave)
7088,Danforth Ave / Coxwell Ave
7083,Danforth Ave / Barrington Ave
7085,Danforth Ave / Westlake Ave
7181,Lansdowne Ave / Whytock Ave
7235,Bay St / College St (West Side) - SMART
7283,Front St W / Bay St (South Side)
7241,519 Church St
7276,Bloor St W / Balmuto St
7239,Bloor St W / Manning Ave - SMART
7220,Lake Shore Blvd W / Ellis Ave
7260,Spadina Ave / Adelaide St W
7267,Dundas St E / Pembroke St - SMART
7275,Queen St W / James St
7271,Yonge St / Alexander St - SMART
7254,Borden St / Bloor St W - SMART
7251,The Royal Ontario Museum (Bloor St Entrance)
7253,John St  / Mercer St - SMART
7269,Toronto Eaton Centre (Yonge St) - SMART
7226,Lake Shore Blvd W / The Boulevard Club
7240,Bloor St W / Shaw St - SMART
7245,Tecumseth St / Queen St W - SMART
7281,Charles St W / Balmuto St - SMART
7250,Ursula Franklin St / St. George St - SMART
7237,Ward St / Wallace Ave
7236,Thompson St / Broadview Ave - SMART
7264,Bloor St E / Huntley St - SMART
7265,Wallace Ave / Symington Ave - SMART
7272,Yonge St / Dundonald St - SMART
7280,Charles St E / Jarvis St - SMART
7256,Vanauley St / Queen St W - SMART
7259,Lower Spadina Ave / Lake Shore Blvd W
7230,Garden Ave / Roncesvalles Ave
7287,Queen St E / Pape Ave - SMART
7255,Stewart St / Bathurst St  - SMART
7274,Queen's Park Cres E / Grosvenor St - SMART
7988,High Park - Grenadier Cafe
7248,Baldwin St / Spadina Ave - SMART
7285,Spadina Ave / Harbord St - SMART
7263,Walton St / Elizabeth St - SMART
7270,Church St / Dundas St E - SMART
7233,King St W / Cowan Ave - SMART
7257,Dundas St W / St. Patrick St
7252,Robert St / Bloor St W - SMART
7242,Lake Shore Blvd W / Ontario Dr
7227,Martin Goodman Trail (Marilyn Bell Park)
7277,Chorley Park - SMART
7289,Humber Bay Shores Park East
7282,Adelaide St W / Bay St - SMART
7249,Lakeview Ave / Harrison St (Green P) – SMART
7439,Pears Av / Avenue Rd
7222,Sunnyside - Gus Ryder Pool
7284,University Ave / King St W - SMART
7286,Gerrard St E / Broadview Ave  - SMART
7232,Queen St W  /  Fuller Ave - SMART
7273,Bay St / Charles St W - SMART
7262,Wychwood Ave / Benson Ave - SMART
7268,111 Bond St (North of Dundas St E)  - SMART
7238,Sorauren Ave / Geoffrey St - SMART
7246,Yonge St / Bloor St
7229,Dundas St W / Roncesvalles Ave Green P -SMART
7221,High Park Subway Station
7288,Humber Bay Shores Park West
7228,King St W / Wilson Park Blvd
7234,Roncesvalles Ave / Marmaduke St
7224,Bloor St W / High Park Ave (High Park)
7243,Exhibition GO Station
7258,Queen St E / Rushbrooke Ave
7279,Rosehill Ave / Avoca Ave - SMART
7244,Dufferin Gate - SMART
7231,Wright Ave / Sorauren Ave - SMART
7295,High Park - West Rd
7247,Howard Park Ave / Dundas St W - SMART
7223,Parkside Dr / Bloor St W - SMART
7278,Mallon Ave / Jones Ave -SMART
7225,Lake Shore Blvd W / Windermere Ave
7266,Victoria Park Subway Station - SMART
7219,Wolfpack - 7219
7291,Lakeshore Blvd E / Parliament St
7293,College St / McCaul St
7292,Granby St / Church St - SMART
7298,Bathurst St / Adelaide St W
7299,Mill St / Parliament St
7297,Havelock St / Dufferin Park
7301,Primrose Ave / Davenport Rd - SMART
7303,Queen St E / Woodward Ave
7296,Westmoreland Ave / Fernbank Ave
7309,Queen St E / Rhodes Ave
7302,Winona Dr / Davenport Rd
7311,Sherbourne St / Isabella St
7312,Amelia St / Sumach St
7314,Queen St. E / Eastern Ave
7313,Lower Coxwell Ave /  Lake Shore Blvd E
7315,Queen St E / Hammersmith Ave
7318,Hubbard Blvd / Glen Manor Dr
7319,Lake Shore Blvd E / Knox Ave
7317,Hubbard Blvd / Balsam Av
7316,Queen St. E / Spruce Hill Rd.
7322,East Liberty St / Western Battery Rd
7323,457 King St W
7324,King St W / Charlotte St (West Side)
7320,Front St W / University Ave (1)
7321,Front St W / University Ave (2)
7328,Roxborough St W / Yonge St
7327,Davenport Rd / Dovercourt Rd - SMART
7329,Crawford St / Queen St W
7326,Davenport Rd / Lansdowne Ave
7334,Simcoe St / Wellington St W North
7333,King St E / Victoria St
7335,123 Queen St W
7330,Lee Ave / Queen St E
7332,200 Bloor St E
7331,Coxwell Ave / Plains Rd
7337,Gerrard Square Mall (1010 Gerrard St E)
7336,Queen St E / Alton Av
7342,Morse St / Eastern Ave - SMART
7339,Carlaw Ave / Strathcona Ave
7341,Eastern Ave / Winnifred Ave
7344,Cherry Beach
7338,Logan Ave / Bain Ave
7340,Blake St / Boultbee Ave - SMART
7343,Alton Ave / Dundas St E (Greenwood Park)
7345,Cherry Beach Sports Fields (55 Unwin Ave)
7347,Regal Rd / Dufferin St
7346,Logan Ave / Gerrard St E
7350,Broadview Ave / Westwood Ave
7349,Gamble Ave / Broadview Ave
7348,Pape Ave / Gamble Ave
7351,Pretoria Ave / Broadview Ave
7354,Tommy Thompson Park (Leslie Street Spit)
7353,Fulton Ave / Pape Ave - SMART
7356,King St E / Berkeley St
7357,Lake Shore Blvd E / Leslie St
7352,Cosburn Ave / Donlands Ave
7358,Galbraith Rd / King's College Rd
7360,Concord Ave / Dewson St
7362,St Clair Ave W / Bathurst St.
7361,Hocken Ave / Vaughan Rd
7363,Wells Hill Ave / St Clair Ave W
7359,Rosedale Park (20 Scholfield Ave)
7366,Fort York Blvd / Bathurst St - SMART
7364,Queen St E / Nursewood Rd
7365,Kewbeach Ave / Kenilworth Ave
7369,Dupont St / Emerson Ave SMART
7368,Lisgar St / Dundas St W - SMART
7367,Alma Ave / Gladstone Ave SMART
7371,Eglinton Ave W / Henning Ave SMART
7372,Adelaide St W / Portland St
7355,Beltline Trail / Chaplin Cres
7373,George St / King St E
7374,Frederick St / The Esplanade
7375,Front St E / Scott St
7376,Frobisher Ave / Lascelles Blvd
7378,Yonge St / Davisville Ave
7377,Balliol St / Yonge St  SMART
7379,Lawton Blvd / Yonge St
7381,Roehampton Ave / Yonge St
7380,Erskine Ave / Yonge St SMART
7382,Simcoe St / Adelaide St W
7383,12 Harbour St
7384,Cumberland St / Bay St SMART
7385,20 Charles St E - SMART
7386,D'Arcy St / McCaul St - SMART
7387,Mortimer Ave / Carlaw Ave SMART
7388,Broadview Subway Station
7389,College Park - Gerrard Entrance
7391,Yonge St / Dundas Sq
7669,Bay St / Bloor St W (West Side)
7949,King St E / Church St
7955,190 Queens Quay E
7217,Soho St / Queen St W
7392,Woodbine Subway Green P SMART
7395,Dentonia Park
7393,55 Magnificent Rd. Garage
7440,Martin Goodman Trail / Ontario Dr
7398,York St / Lake Shore Blvd W
7403,Lascelles Blvd / Eglinton Ave W
7406,Victoria St / Queen St E
7417,King St W / Jordan St
7261,Queens Quay E / Lower Sherbourne St
7409,Isabella St / Church St
7432,Frederick St / King St E
7419,Bloor St W / Huron St
7400,Polson Pier
7449,Cosburn Ave / Cedarvale Ave
7445,Eastwood Rd / Coxwell Ave
7427,Northern Dancer Blvd / Lake Shore Blvd E
7450,Carlaw Ave / Danforth Ave
7407,University Ave / Queen St W
7428,Woodbine Ave / Lake Shore Blvd E
7418,College Park - Yonge St Entrance
7443,Dundas St E / George St
7416,Spadina Ave / Blue Jays Way
7422,Tyndall Ave / King St W - SMART
7408,University Ave / Armoury St
7452,Bleecker St / St James Ave
7404,Roehampton Ave / Mount Pleasant Rd
7454,Pottery Rd / Lower Don River Trail
7402,Wellington St W / Bathurst St
7426,Fleet St / Garrison Rd (Fort York)
7411,Little Norway Park
7457,Queen's Park Cres W / Hoskin Ave
7447,Trent Ave / Danforth Ave
7415,Keele St / Vine Ave
7444,Clendenan Ave / Rowland St - SMART
7467,Lower Simcoe St / Bremner Blvd
7461,High Park Amphitheatre
7438,Gothic Ave / Quebec Ave
7414,Keele St / Annette St
7458,Church St / Lombard St
7459,St Clair Ave W / Winona Dr
7441,Pacific Ave / Glenlake Ave
7468,Front St W / Simcoe St
7430,Marilyn Bell Park Tennis Court
7451,Western Battery Rd / Pirandello St
7473,Adelaide St W / Strachan Ave
7469,York St / Wellington St W 
7472,Dundas St E / Victoria St
7446,Orchard Park
7463,Adelaide St W / Brant St
7399,Lower Jarvis St / Queens Quay E
7462,Richmond St E / Yonge St
7471,2300 Lakeshore Blvd W
7474,Clarence Square
7436,Shaw St / Dupont St
7412,King St W / Crawford St
7423,Merton St / Al Green Ln
7460,High Park Outdoor Pool
7456,Belmont St / Davenport Rd - SMART
7475,Jarvis St / Richmond St E
7482,Danforth Ave / Sibley Ave
7478,Ellis Ave / The Queensway
7486,Gerrard St E / Main St
7435,Rushton Rd / St Clair Ave W
7479,Jane St / Bloor St W (Jane Subway Station)
7424,Merton St / Mount Pleasant Rd
7480,Neil McLellan Park
7410,Howard St / Rose Ave
7434,91 Via Italia
7437,Concord Ave / Bloor St W
7477,Antler St / Campbell Ave - SMART
7425,The Queensway at South Kingsway
7465,Russell Hill Rd / St Clair Ave W
7429,Woodbine Subway Station
7487,Eastwood Rd / Woodbine Ave - SMART
7453,Jarvis St / Maitland Pl
7413,Dundas St W / Watkinson Ave
7476,Symington Ave / Dupont St
7481,Westmount Ave / St Clair Ave W
7491,D'Arcy St / Spadina Ave - SMART
7492,Cherry St / Lake Shore Blvd E
7455,E.T. Seton Park (Eglinton Ave E / Leslie St)
7493,Sackville St / Eastern Ave - SMART
7431,Gerrard St E / Leslie St
7442,Lonsdale Rd / Spadina Rd
7494,Davenport Rd / McAlpine St - SMART
7466,Glendonwynne Rd / Bloor St W
7489,Sumach St  / Queen St E
7488,Summerhill Ave / Maclennan Ave
7497,128 Sterling Rd - SMART
7433,Dundas St E / Boulton Ave - SMART
7483,Southwood Dr / Kingston Rd - SMART
7501,Humberside Grounds - SMART
7502,University Ave / College St (East)
7496,Sunnyside Ave / The Queensway - SMART
7420,Barton Ave / Howland Ave - SMART
7218,Make Invisible - 7218
7508,Berkeley St / Dundas St E - SMART
7509,Ontario St / King St E
7505,Ontario St / Adelaide St E -SMART
7503,Gerrard St E / Malvern Ave - SMART
7448,Goodwood Park Crt / Dentonia Park
7484,Briar Hill Ave / Yonge St - SMART
7504,Gerrard St E / Victoria Park Ave - SMART
7485,Blythwood Rd / Yonge St - SMART
7506,Berkeley St / Adelaide St E - SMART
7510,Princes' Blvd / Nunavut Rd
7394,Toronto Bike Shop
7515,Amos Waites Park
7518,Lake Shore Blvd W / Colborne Lodge Dr - SMART
7514,Humber Bay Shores Park / Marine Parade Dr
7516,Superior Ave / Lake Shore Blvd W
7519,406 Oakwood Ave
7520,St Clarens Ave / Shirley St
7526,Bartlett Parkette
7524,Lisgar Park
7528,Spadina Rd / Austin Terrace
7530,Sherbourne St N / Elm Ave
7527,Joseph J Piccininni Community Centre
7525,Fennings St / Queen St W
7523,Lynn Williams St / East Liberty St - SMART
7534,Walnut Ave / Queen St W
7532,135 Queen’s Wharf - SMART
7535,Wolsley St / Palmerston Ave - SMART
7536,Palmerston Ave / Dundas St W
7531,541 Huron St - SMART
7542,Queen St W / John St
7538,Vaughan Rd /Wychwood Ave
7537,Euclid Ave / Herrick St - SMART
7543,Nassau St / Bellevue Ave
7545,Baldwin St / Henry St
7547,Orde St / McCaul St
7548,St. Joseph St / Bay St - SMART
7544,Foster Pl / Elizabeth St
7546,Ross St / Cecil St - SMART
7517,Ripley Ave / Ormskirk Ave
7555,Royal York Rd / Mimico Ave
7552,Lake Shore Blvd W / Thirty Ninth Street
7558,Berry Rd / Bell Manor Dr
7561,Annette St / Jane St
7553,Lake Shore Blvd W / Twenty Fourth St
7565,St Clair Ave W / Gunns Rd
7562,Priscilla Ave / Dundas St W
7563,St Clair Ave W / Castleton Ave
7554,Humber College
7560,Glenwood Ave / Runnymede Rd
7570,Carlaw Ave / Dundas St E
7569,Toronto Inukshuk Park
7568,Jameson Ave / Queen St W
7572,Cosburn Ave / Durant Ave
7567,Weston Lions Park
7566,Weston Rd / St Clair Ave W - SMART
7559,Swansea Community Centre
7533,Housey St / Dan Leckie Way
7571,Highfield Rd / Gerrard St E
7575,Bayview Ave / Lawren Harris Square
7556,Windsor St / Newcastle St
7564,Durie St / Dundas St W
7521,Emerson Ave / Bloor St W
7557,The Queensway / High St
7576,Front St E / Bayview Avenue
7541,Bellwoods Ave / Treford Pl - SMART
7551,The Esplanade / Hahn Pl
7573,Torrens Ave / Broadview Ave
7577,Oak St / Sumach St
7529,Symington Ave / Davenport Rd
7539,Davisville Ave / Pailton Cres
7549,439 Sherbourne St
7581,High Park Ave / Dundas St W
7540,Alvin Ave / St Clair Ave E
7580,Hillsdale Ave W / Yonge St
7579,Glebe Rd W / Yonge St
7582,Alameda Ave / Vaughan Rd - SMART
7583,Eglinton Ave W / Scarlett Rd
7584,The Pond Rd / Sentinel Rd
7585,Sentinel Rd / Finch Corridor Trail
7586,Finch West Subway Station
7588,G Ross Lord Park
7591,Elwood Blvd / Avenue Rd
7596,Langford Ave / Danforth Ave - SMART
7593,Roehampton Ave / Bayview Ave
7600,Ursula Franklin St / Huron St - SMART
7587,Dufferin St / Finch Corridor Trail
7601,Brick Works
7598,Teddington Park Ave
7599,Richmond St W / York St
7606,Dawes Rd / Taylor Creek Trl
7594,Fleming Cres / Bayview Ave
7597,Yonge St / Golfdale Rd
7605,Lumsden Ave / Eastdale Ave
7603,O'Connor Dr / Curity Ave - Smart
7607,Fairmount Park
7604,St Columba Pl / St Clair Ave E
7609,Sunnybrook Park
7620,Eglinton Ave E / Redpath Ave
7619,Braemar Ave / Eglinton Ave W
7618,Vaughan Rd / Oakwood Ave
7608,Wilket Creek Park
7602,Woodbine Ave / O'Connor Dr
7621,Long Branch GO Station
7623,Royal York Rd / Lake Shore Blvd W
7622,Marie Curtis Park
7617,Starspray Blvd / Lawrence Ave E
7626,Rouge Hill GO Station
7612,Livingston Rd / Guildwood Pkwy
7631,Florence Gell Park
7610,Kingston Rd / Beech Ave
7615,Colonel Danforth Park
7630,Twelfth St / Thirteenth St
7522,Wallace Ave / Pauline Ave
7625,Yonge St / Lawrence Ave E
7611,Victoria Park Ave / Danforth Ave
7614,Morningside Park (Highland Creek Trail)
7613,Livingston Rd (Highland Creek Trail)
7624,Guildwood GO Station (South)
7629,Lundy Ave / Étienne Brûlé Park
7589,Torresdale Ave / Antibes Dr
7632,Chiltern Hill Rd / Eglinton Ave W
7590,Esther Shiner Stadium
7578,Oak St / Parliament St
7635,Runnymede Rd / Annette St
7636,Bloor St W / Riverside Dr
7637,Judson St / Royal York Rd
7640,Spadina Rd / St.Clair Ave West
7633,Noble St / Queen St W
7641,Annette St / Dundas St W
7639,135 Queens Wharf Rd - SMART
7642,Yonge St / St Clair Ave
7643,Oriole Pkwy / Kilbarry Rd
7644,East Lynn Ave / Danforth Ave
7634,University Ave / Gerrard St W (WEST) - SMART
7627,Shaw St / Essex St - SMART
7646,University Ave / Richmond St W
7647,Elm St/ University Ave (East Side)
7648,909 Yonge St
7649,Greenwood Subway Station - SMART
7645,University of Toronto Scarborough
7650,St Clair West Subway Station - Heath Entrance
7616,Waterfront Trail (Rouge Hill)
7651,Bloor St W / Gladstone Ave
7595,Moore Park
7653,Bloor St W / Indian Rd
7654,Bloor St W / Pacific Ave - SMART
7655,Danforth Ave / Dewhurst Blvd
7656,Bloor St W / Brock Ave
7657,1 Market St - SMART
7658,King's Mill Park
7667,Spadina Ave / Sussex Ave - SMART
7662,Beaty Ave / Queen St W
7985,Wellesley Station Green P
7659,Amroth Ave / Danforth Ave
7201,Blantyre Park
7663,Kilgour Rd / Rumsey Rd
7665,Sunnybrook Health Centre - S Wing
7660,285 Victoria St
7666,Dundas St W / St Helen's Ave - SMART
7664,Sunnybrook Health Centre - L Wing
7668,Simcoe St / Dundas St W - SMART
7670,Yonge St / Woburn Ave - SMART
7671,Yonge St / Montgomery Ave - SMART
7675,1525 Dundas St W
7962,Yonge St / Orchard View Blvd
7763,640 Bloor Street E
7681,25 Booth Ave
7679,York University Station (North)
7498,Lower Don River Trail and Taylor Creek Trail
7677,1303 Yonge St - SMART
7678,York University Station (South) - SMART
7676,York University (Glendon Campus) - SMART
7638,Warehouse EBS-Station
7816,Bay St / Dundas St W
7787,HTO Park West
7810,Avenue Rd / Cumberland St 
7887,800 Fleet St (North)
7772,Simcoe St / King St W
7768,Armoury St / Chestnut St
7757,The Well
7779,165 McRae Dr
7818,Soudan Ave / Yonge St 
7907,365 Lippincott St
7716,Church St / The Esplanade
7850,Maud St / Adelaide St W
7729,265 Armadale Ave
7700,St Clair Ave W / Robina Ave
7693,Mutual St / Shuter St (Arena Gardens)
7687,Bloor St W / Gladstone Ave - SMART
7913,St. George St / Willcocks St
7785,Keele St / Dovehouse Ave - SMART
7867,15 Price St 
7899,Queens Park Cres / College St 
7682,Bathurst St / Front St W
7788,Queens Quay E / Lower Jarvis St 
7721,Widmer St / King St W
7719,Wolseley St / Augusta Ave
7796,Dundas St E / River St
7747,Eglinton Ave W / Ennerdale Rd
7713,Temperance St / Bay St
7684,Bay St / Harbour St (East)
7766,Albany Ave / Bloor St W
7928,Simcoe St / Pullan Pl
7770,Spadina Ave / Sullivan St
7925,Niagara St / King St W - SMART
7817,Shaw St / King St W
7900,Simcoe St / Elm St
7821,Lisgar St / Queen St W - SMART
7892,Erskine Ave / Redpath Ave
7717,Niagara St / Portland St
7912,Joe Shuster Way / King St W 
7917,King St W / University Ave
7761,Moss Park
7881,Queens Quay E / Merchants' Wharf
7843,Uno Dr / The Queensway
7791,Ossington Ave / Bruce St
7707,Coronation Park (Martin Goodman Trail)
7804,Lansdowne Ave / Seaforth Ave 
7910,Eglinton Ave E / Brentcliffe Rd
7929,Spadina Ave / Bulwer St- SMART 
7724,Wellesley St E / Parliament St
7711,Havelock St / Dewson St
7703,Oak St / Sackville St
7696,Heyworth Cres / Kingston Rd
7915,Rogers Rd / Watt Ave
7708,101 Cedarvale Ave
7702,111 Broadview Ave
7848,Gerrard St E / Nasmith Ave 
7739,Kingston Rd / Ridgemoor Ave
7857,Eglinton Ave W / Venn Cres
7718,St. Andrew's Playground Park
7802,King St W / Jameson Ave - SMART
7906,Princess St / Front St E
7933,Elizabeth St / Elm St
7841,Islington Subway Station (Aberfoyle Cres)
7790,Lynn Williams St / Pirandello St 
7856,Scarlett Rd / Old Scarlett Rd 
7798,Shuter St/River St
7705,Colgate Ave / Carlaw Ave
7927,Strachan Ave / East Liberty St - SMART
7822,Leslie St / Commissioners St  
7909,E.T Seton Park - South 
7815,Avenue Rd / Macpherson Ave 
7695,Queen St E / Joseph Duggan Rd
7823,Greenwood Ave / Sammon Ave
7807,552 Birchmount Rd
7803,Scarborough Soccer Centre
7706,Felstead Ave/Gillard Ave (Monarch Park)
7826,Greenwood Ave / Gerrard St E
7866,695 Lansdowne Ave 
7701,Roncesvalles Ave / Fermanagh Ave
7773,Grenoble Dr / Gateway Blvd
7935,Ramsden Park
7728,Randolph Ave / Perth Ave
7744,Rogers Rd / Prospect Cemetery
7862,Jane St / Weston Rd
7924,Duncan St / Adelaide St W - SMART
7710,11 Spadina Rd
7746,Marlee Ave / York Beltline Trail
7890,60 Broadway Ave
7752,1926 Lake Shore Blvd W
7725,Yonge St / Macpherson Ave
7748,Bloor St W / Old Mill Trl
7715,Lumsden Ave / Cedarvale Ave
7916,University Ave / Pearl St 
7838,Lake Shore Blvd W / Legion Rd
7755,Park Lawn Rd / Berry Rd
7813,Yonge St / Merton St 
7753,36 Park Lawn Rd
7731,Victoria Park Ave / Kingston Rd
7781,St Clair Ave W / Avenue Rd 
7688,High Park Blvd / Parkside Dr
7904,Palmerston Blvd / Lennox St
7789,75 Holly St
7926,McRae Dr / Laird Dr - SMART
7842,Lake Shore Blvd W / Long Branch Ave
7732,Kingston Rd / Warden Ave
7777,Thorncliffe Park Dr / Leaside Park Trail
7750,Luttrell Ave / Danforth Ave
7911,King St W / York St (2)
7691,Christie St / Dupont St
7922,35 Erindale Ave
7771,St. Clair Ave W / Osler St
7833,Glencairn Subway Station
7870,Humber River Hospital 
7736,Birchmount Rd / Kingston Rd
7760,Grand Avenue Park
7765,St. John's Rd / Dundas St W
7769,Lake Shore Blvd W / Brow Dr
7891,Opposite 1103 Leslie St
7858,Rogers Rd / Bicknell Ave
7808,Eastgate Cres / Pharmacy Ave 
7709,Beltline Trail / Yonge St
7794,York St / Harbour St (Love Park)
7780,Mount Pleasant Rd / Davisville Ave - SMART
7930,Dunn Ave / Queen St W
7805,Pharmacy Ave / Teesdale Pl
7699,St Clair Ave W / Oakwood Ave
7692,85 Lee Ave
7734,Danforth Ave / Warden Ave
7846,Bloor St W / Dundas St W (2)
7820,1612 Danforth Ave 
7903,St Clair Ave W / Symes Rd
7889,Dundas St W / Prince Edward Dr N
7730,800 Fleet St (South)
7863,Jane St / Queens Dr
7832,Finch Subway Station 
7901,Bloor St W / Kingsmill Rd
7932,Boston Ave / Queen St E- SMART
7704,24 Mountjoy Ave
7864,Sussex Ave / St George St
7827,Chatham Ave / Byron Ave
7898,University Ave / Gerrard St W - SMART(South)
7762,College St / Henry St 
7824,Warden Subway Station
7895,Keele St / Lloyd Ave
7894,Millwood Rd / Southvale Dr
7919,Armel Ct / Albion Rd
7694,Victoria Park Ave / Dawes Rd
7776,Ferrand Dr / Rochefort Dr
7914,York St / Wellington St W (2)
7859,Mallaby Park 
7839,Lake Shore Blvd W / Seventeenth St
7799,Danforth Ave / Danforth Rd
7865,2700 Eglinton Ave W
7759,The Pond Rd / Shoreham Dr
7819,Avenue Rd / Oxton Ave 
7888,The Kingsway / Ashley Rd
7855,Scarlett Rd / Eileen Ave
7885,Brooklawn Ave / Kingston Rd
7893,Overlea Blvd / Thorncliffe Park Dr
7836,Harvie Ave / Rogers Rd
7751,Willingdon Blvd / Bloor St W (Green P)
7745,Bert Robinson Park
7844,Second St / Lake Shore Blvd W
7800,Brimley Rd / McCowan District Park
7749,Wendover Rd / Bloor St W (Green P)
7737,Kingston Rd / Glen Everest Rd
7923,Trethewey Dr / Jane St
7767,Pioneer Village Subway Station
7834,Glen Long Community Centre
7897,50 Overlea Blvd
7733,Pharmacy Ave / Danforth Ave
7754,Walter Saunders Park
7735,Birchcliff Ave / Kingston Rd
7829,Tiago Ave / Westview Blvd
7884,Bartley Park 
7698,St Clair Ave W / Caledonia Rd
7873,Sentinel Rd / Finch Ave W
7743,Eglinton Ave W / Gilbert Ave
7741,Howard Park Ave / Parkside Dr
7896,Arlington Parkette
7934,19 Glendora Ave
7778,75 Thorncliffe Park Dr
7854,Jane St / Haney Ave
7758,Driftwood Ave / Finch Corridor Trail
7902,Gunns Rd / Lavender Creek Trail
7840,Mabelle Park
7849,Viewmount Park
7878,Weston Rd / Sheppard Ave W
7811,Midland Ave / Kingston Rd
7921,Islington Ave / Finch Ave W
7879,Weston Rd / Lanyard Rd
7877,Jane St / Yorkwoods Gt
7756,Tobermory Dr / Finch Corridor Trail
7876,Jane St / Yewtree Blvd
7825,Kingston Rd / Scarborough Golf Club Rd
7801,Parkcrest Dr / Kingston Rd
7852,York Recreation Centre
7830,Plaxton Dr / St Clair Ave E
7868,Sheppard Ave W / Chesswood Dr
7738,Highview Ave / Kennedy Rd
7740,Sharpe St / Park St (Sandown Park)
7742,Eglinton Ave W / Prospect Cemetery
7774,Grenoble Dr / Deauville Ln
7784,Downsview Park Blvd / Keele St  - SMART
7831,Victoria Park Ave / Edge Park Ave
7812,Bellamy Rd S / Kingston Rd
7828,Wakunda Pl / O'Connor Dr
7806,Danforth Rd / Birchmount Rd 
7782,Downsview Park Subway Station - SMART
7775,Grenoble Dr / Vendome Pl
7872,Keele St / Catford Rd
7874,The Pond Rd / Ian Macdonald Blvd
7875,Oakdale Community Centre
7851,Keele St / Ingram Dr
7883,Wynford Heights Cres / Concorde Pl
7814,Fenwood Ht / Kingston Rd
7920,75 Tandridge Cres
7918,Albion Rd/ Arcot Blvd
7860,Cruickshank Park
7837,Ling Rd / Morningside Ave
7783,60 Carl Hall Rd - SMART
7845,Sixth St / Lake Shore Blvd W
7809,Firvalley Ct / Warden Ave
7931,Symes Rd / Glen Scarlett Rd - SMART
7835,Caledonia Rd / Lotherton Pathway
7869,Sentinel Rd / Sheppard Ave W
7871,Jane St / Lawrence Ave W
7882,Tangiers Rd / Finch Ave W
7853,Trethewey Dr / Black Creek Dr
7861,Emmett Ave
7886,Jane St / Finch Ave W
7880,Lindylou Rd / Lanyard Rd
7905,Palmerston Blvd / Herrick St
7795,519 Church St  - SMART
7793,2 Church St
7690,Bike Shop Test Station
