,Id,Name,lat,lng
0,7051,Mutual St / Shuter St,43.6551361,-79.3749533
1,7143,Kendal Ave / Bernard Ave,43.6719294,-79.4084322
2,7113,Parliament St / Aberdeen Ave,43.66504450000001,-79.3682814
3,7077,College Park South,43.6601099,-79.3850708
4,7079,McGill St / Church St,43.660678,-79.3788522
5,7021,Bay St / Albert St,43.652962,-79.382633
6,7161,Beverley St / College St,43.6587075,-79.3959215
7,7195,Ulster St / Bathurst St,43.6598108,-79.409058
8,7017,Widmer St / Adelaide St W - SMART,43.6475685,-79.3915765
9,7009,King St E / Jarvis St,43.6504761,-79.37190729999999
10,7032,Augusta Ave / Dundas St W,43.6522677,-79.4011051
11,7177,East Liberty St / Pirandello St,43.63868340000001,-79.4139671
12,7045,Bond St / Queen St E,43.65291670000001,-79.3769128
13,7158,King St W / Stafford St,43.6422906,-79.41071749999999
14,7022,Simcoe St / Queen St W,43.6506493,-79.38743509999999
15,7028,Gould St / Mutual St,43.658524,-79.3763397
16,7038,Dundas St W / Yonge St,43.656325,-79.38090299999999
17,7130,Davenport Rd / Bedford Rd,43.67436439999999,-79.39980919999999
18,7042,Sherbourne St / Wellesley St E,43.6670693,-79.3746677
19,7160,King St W / Tecumseth St,43.6433939,-79.4052578
20,7004,University Ave / Elm St,43.6563561,-79.3888198
21,7163,Yonge St / Wood St,43.66202759999999,-79.38336249999999
22,7164,Gould St / Yonge St (TMU),43.6577145,-79.3792359
23,7050,Richmond St E / Jarvis St Green P,43.6527421,-79.3728309
24,7133,Summerhill Subway Station,43.6822899,-79.3907744
25,7192,Harbord St / Clinton St,43.6602673,-79.41583109999999
26,7070,25 York St ? Union Station South,43.6434855,-79.3809606
27,7059,Front St W / Blue Jays Way,43.6434316,-79.3912327
28,7047,University Ave / Gerrard St W (East Side),43.65753,-79.38962599999999
29,7023,College St / Borden St,43.65696500000001,-79.4051588
30,7073,Spadina Ave / Fort York Blvd,43.6405651,-79.3928444
31,7054,Navy Wharf Crt / Bremner Blvd,43.6408057,-79.39161
32,7065,Dundas St E / Parliament St,43.6594276,-79.36599559999999
33,7122,Niagara St / Tecumseth St,43.64138699999999,-79.4044383
34,7094,14 Arundel Ave,43.6785124,-79.3512638
35,7033,Union Station,43.6452621,-79.3805536
36,7034,Church St / Bloor St E,43.6710435,-79.3831557
37,7144,Palmerston Ave / Vermont Ave,43.6715996,-79.4163406
38,7202,Queen St W / Bay St (City Hall),43.6534399,-79.3840901
39,7093,Danforth Ave / Gough Ave,43.6786924,-79.3461056
40,7039,Simcoe St / Michael Sweet Ave - SMART,43.652421,-79.388255
41,7006,Bay St / College St (East Side),43.6608355,-79.3858556
42,7005,King St W / York St,43.6479288,-79.38354919999999
43,7057,Simcoe St / Wellington St W South,43.6460702,-79.3855226
44,7026,Bay St / St. Joseph St,43.6656602,-79.38767880000002
45,7046,Niagara St / Richmond St W,43.6450333,-79.4094564
46,7048,Front St W / Yonge St (Hockey Hall of Fame),43.6472722,-79.37769019999999
47,7203,Bathurst St/Queens Quay(Billy Bishop Airport),43.6289467,-79.3944199
48,7193,Dufferin St / Queen St W,43.642226,-79.4286137
49,7000,Fort York  Blvd / Capreol Ct,43.6398746,-79.3956134
50,7078,College St / Major St,43.6574332,-79.402765
51,7044,Church St / Alexander St,43.6636798,-79.3800945
52,7100,Dundas St E / Regent Park Blvd,43.6603557,-79.36180379999999
53,7169,Front St W / Bay St (North Side),43.6459671,-79.3791622
54,7015,King St W / Bay St (West Side),43.6486507,-79.3802583
55,7168,Queens Quay / Yonge St,43.6419539,-79.3746786
56,7019,Temperance St Station,43.6506616,-79.380377
57,7147,King St W / Fraser Ave,43.6394742,-79.4248252
58,7127,Bay St / Scollard St,43.67213,-79.3904956
59,7011,Wellington St W / Portland St,43.6430181,-79.39948009999999
60,7109,Seaton St / Dundas St E - SMART,43.6586458,-79.3694957
61,7207,Dundas St W / Crawford St,43.65006169999999,-79.4170433
62,7060,Princess St / Adelaide St E,43.6523981,-79.36738419999999
63,7136,Queen St W / Close Ave,43.6407416,-79.43596409999999
64,7052,Wellington St W / Bay St,43.6473313,-79.3797062
65,7031,Jarvis St / Isabella St,43.6688924,-79.37942710000002
66,7153,Bloor St W / Christie St,43.6635591,-79.4184063
67,7035,Queen St W / Ossington Ave,43.644171,-79.4188508
68,7027,Beverley St / Dundas St W,43.6538153,-79.39381809999999
69,7102,Nelson St / Duncan St,43.6488229,-79.38890409999999
70,7016,Bay St / Queens Quay W (Ferry Terminal),43.6411952,-79.3768565
71,7197,Queen St W / Dovercourt Rd,43.64347859999999,-79.4223717
72,7075,Queens Quay W / Dan Leckie Way,43.6366169,-79.39667659999999
73,7013,Scott St / The Esplanade,43.6463245,-79.3752727
74,7037,Bathurst St / Dundas St W,43.6522958,-79.4060126
75,7002,St. George St / Bloor St W,43.6675177,-79.3998186
76,7030,Bay St / Wellesley St W,43.6643907,-79.3871406
77,7020,Phoebe St / Spadina Ave,43.6500743,-79.3967892
78,7101,Lower Sherbourne St / The Esplanade,43.6490587,-79.3672775
79,7196,Roxton Rd / Harbord St,43.6588099,-79.42306909999999
80,7067,Yonge St / Harbour St,43.6432796,-79.3754993
81,7064,51 Parliament St,43.6519641,-79.3622061
82,7120,Gerrard St E / River St,43.6636944,-79.35923129999999
83,7123,424 Wellington St W - SMART,43.6439533,-79.3966631
84,7171,Ontario Place Blvd / Lake Shore Blvd W,43.6323708,-79.4110001
85,7148,King St W / Joe Shuster Way,43.6397139,-79.4235468
86,7068,Dockside Dr / Queens Quay E (Sugar Beach),43.6428972,-79.3673982
87,7014,Sherbourne St / Carlton St (Allan Gardens),43.6617429,-79.3747382
88,7049,Portland St / Queen St W,43.647714,-79.4014195
89,7216,Wellington St W / Stafford St,43.6410174,-79.41024019999999
90,7204,College St / Crawford St,43.6551585,-79.4190145
91,7176,Bathurst St / Fort York Blvd,43.6389018,-79.40064509999999
92,7121,Jarvis St / Dundas St E,43.657093,-79.3745627
93,7074,Spadina Ave / Sussex Ave,43.6646377,-79.40282859999999
94,7055,Jarvis St / Carlton St,43.66242,-79.3767079
95,7076,York St / Queens Quay W,43.6400699,-79.38020019999999
96,7116,Bloor St E / Parliament St,43.6720359,-79.3707022
97,7210,Mary McCormick Rec Centre (Sheridan Ave),43.6474373,-79.4328546
98,7041,Edward St / Yonge St,43.6570289,-79.38121389999999
99,7087,Danforth Ave / Aldridge Ave,43.6847323,-79.3171844
100,7069,Queen St W / Spadina Ave,43.6487579,-79.396276
101,7199,College St / Markham St,43.6562169,-79.4089327
102,7167,Queen St E / George St (Moss Park),43.6539577,-79.37206499999999
103,7117,Castle Frank Station,43.6736269,-79.3688482
104,7173,Cariboo Ave / Railpath Trail,43.66669419999999,-79.4583445
105,7149,Yarmouth Rd / Christie St,43.67002,-79.42092679999999
106,7189,Augusta Ave / Denison Sq,43.6538795,-79.40175049999999
107,7036,Trinity St /Front St E,43.6521014,-79.3603461
108,7025,Ted Rogers Way / Bloor St E,43.6716003,-79.3805465
109,7018,Bremner Blvd / Rees St,43.640898,-79.3877474
110,7129,Davenport Rd / Avenue Rd,43.6746978,-79.39657319999999
111,7003,Madison Ave / Bloor St W,43.6669123,-79.4027084
112,7010,King St W / Spadina Ave,43.64550450000001,-79.39492159999999
113,7029,Bay St / Bloor St W (East Side),43.6697384,-79.3894681
114,7095,Danforth Ave / Ellerbeck St,43.6766814,-79.3564203
115,7175,HTO Park (Queens Quay W),43.6377999,-79.38817089999999
116,7089,Church St  / Wood St,43.6628044,-79.3797312
117,7115,Howard St / Sherbourne St,43.6712592,-79.37643450000002
118,7104,King St E / River St,43.656868,-79.3561681
119,7097,Riverdale Park North (Broadview Ave),43.6718289,-79.3549845
120,7024,Dundonald St / Church St,43.6667003,-79.3813459
121,7072,Fleet St / Bathurst St,43.6367945,-79.3998864
122,7063,Queen's Park / Bloor St W,43.6687059,-79.3941321
123,7190,St. George St / Hoskin Ave,43.6640895,-79.3984406
124,7126,Yonge St / Yorkville Ave,43.67192259999999,-79.3874532
125,7156,Salem Ave / Bloor St W,43.6606612,-79.4316395
126,7012,Elizabeth St / Edward St (Bus Terminal),43.656114,-79.3854753
127,7053,Metro Hall Plaza,43.6462045,-79.38894239999999
128,7135,Hanna Ave / Liberty St,43.6385083,-79.4195451
129,7114,Carlton St / Parliament St,43.6644661,-79.3680473
130,7008,Wellesley St W / Queen's Park Cres,43.6636082,-79.39062969999999
131,7007,College St / Huron St,43.6582708,-79.3981902
132,7172,Strachan Ave / Princes' Blvd,43.6349123,-79.40907949999999
133,7098,"Riverdale Park South (Broadview Ave, old)",43.6718289,-79.3549845
134,7056,Parliament St / Gerrard St,43.66194780000001,-79.36702509999999
135,7162,Hayter St / La Plante Ave,43.6590542,-79.38596629999999
136,7174,Bloor St W / Dundas St W,43.6426178,-79.53223059999999
137,7061,Dalton Rd / Bloor St W,43.666087,-79.40664389999999
138,7208,80 Clinton St,43.6562478,-79.414472
139,7118,King St W / Bay St (East Side),43.6486507,-79.3802583
140,7103,Jimmie Simpson Park (Queen St E),43.6612075,-79.3447934
141,7686,Lower Jarvis St / The Esplanade,43.6482036,-79.37095599999999
142,7205,Rusholme Park Cres / College St,43.6529203,-79.4296335
143,7043,Queens Quay W / Lower Simcoe St,43.6395925,-79.3827816
144,7040,Euclid Ave / Bloor St W,43.66433199999999,-79.4148618
145,7058,Huron St / Harbord St,43.6635015,-79.400054
146,7188,Exhibition GO (Atlantic Ave),43.6358813,-79.4187599
147,7066,Willcocks St / St. George St,43.662086,-79.39761179999999
148,7211,Fort York Blvd / Garrison Rd,43.6379847,-79.4070352
149,7099,Cherry St / Mill St,43.6513508,-79.35735939999999
150,7146,Christie St / Benson Ave (Wychwood Barns),43.67992780000001,-79.42319719999999
151,7140,Macpherson Ave / Spadina Rd,43.6758521,-79.40747449999999
152,7111,King St W / Douro St,43.6411044,-79.41661719999999
153,7139,Glen Edyth Dr / Davenport Rd,43.6786726,-79.4051831
154,7071,161 Bleecker St (South of Wellesley),43.6664794,-79.37323010000001
155,7119,Sumach St / Carlton St (Riverdale Farm),43.6669731,-79.3617311
156,7108,Front St E / Cherry St,43.6526366,-79.3580917
157,7107,Cherry St / Distillery Ln,43.6503914,-79.3569076
158,7110,Queen St E / Berkeley St,43.655317,-79.3657508
159,7062,University Ave / College St (West),43.659884,-79.390349
160,7105,Queen St E / Sackville St,43.6562647,-79.361453
161,7090,Danforth Ave / Lamb Ave,43.6821189,-79.32934809999999
162,7092,Pape Subway Green P,43.6778039,-79.3444166
163,7183,St Clarens Ave / College St,43.6513303,-79.4387801
164,7155,Bathurst St / Lennox St,43.66383150000001,-79.41068349999999
165,7191,Central Tech  (Harbord St),43.6619107,-79.4086978
166,7184,Ossington Ave / College St,43.6543876,-79.4226798
167,7132,Kendal Ave / Spadina Rd,43.6703049,-79.40528719999999
168,7170,Spadina Ave / Willcocks St,43.6613272,-79.4012928
169,7091,Donlands Subway Station,43.6809818,-79.3378352
170,7198,Queen St W / Cowan Ave,43.6413176,-79.4331192
171,7150,Dufferin St / Sylvan Av (Dufferin Grove Park),43.6565553,-79.43276370000001
172,7209,Ossington Ave / Harrison St,43.650949,-79.4213583
173,7124,Dundas St E / Broadview Ave,43.6624664,-79.351366
174,7152,Ossington Ave / Bloor St W,43.66199049999999,-79.42562989999999
175,7096,Boston Ave / Queen St E,43.6613414,-79.33879859999999
176,7154,Bathurst Subway Station,43.6660011,-79.4112152
177,7112,Liberty St / Fraser Ave Green P,43.6376044,-79.424112
178,7141,Bridgman Ave / Kendal Ave,43.6754816,-79.4098212
179,7206,Claremont St / Dundas St W,43.6511757,-79.4115877
180,7131,Taddle Creek Park,43.6715791,-79.3986683
181,7179,Bloor GO / UP Station (West Toronto Railpath),43.6569402,-79.450082
182,7084,Stephenson Ave / Main St,43.6877284,-79.301609
183,7151,Essex St / Christie St - SMART,43.668359,-79.42027329999999
184,7142,Bridgman Ave / Bathurst St,43.6743307,-79.4148223
185,7157,Dufferin St / Bloor St W,43.6598804,-79.4353297
186,7182,Sterling Rd / Dundas St W,43.65067759999999,-79.4430582
187,7106,Mill St / Tannery Rd,43.652154,-79.35434459999999
188,7138,Davenport Rd / Christie St,43.6755784,-79.4230446
189,7180,Lansdowne Subway Station,43.7712955,-79.3648347
190,7137,Davenport Rd / Bathurst St,43.6766965,-79.41575569999999
191,7178,Dundas St W / Edna Ave,43.657274,-79.4526928
192,7128,Yonge St / Aylmer Ave,43.6756007,-79.38897109999999
193,7134,Marlborough Ave / Yonge St,43.679879,-79.39072949999999
194,7194,Mortimer Ave / Coxwell Ave,43.6905839,-79.326557
195,7086,Woodbine Subway Green P (Cedarvale Ave),43.6863715,-79.31281609999999
196,7088,Danforth Ave / Coxwell Ave,43.6833563,-79.3235888
197,7083,Danforth Ave / Barrington Ave,43.6884404,-79.3005649
198,7085,Danforth Ave / Westlake Ave,43.6874331,-79.3052146
199,7181,Lansdowne Ave / Whytock Ave,43.65383509999999,-79.44111439999999
200,7235,Bay St / College St (West Side) - SMART,43.6608355,-79.3858556
201,7283,Front St W / Bay St (South Side),43.6459671,-79.3791622
202,7241,519 Church St,43.6665106,-79.3810178
203,7276,Bloor St W / Balmuto St,43.6700026,-79.3880125
204,7239,Bloor St W / Manning Ave - SMART,43.66407239999999,-79.41609389999999
205,7220,Lake Shore Blvd W / Ellis Ave,43.6361237,-79.46515819999999
206,7260,Spadina Ave / Adelaide St W,43.6467659,-79.3954519
207,7267,Dundas St E / Pembroke St - SMART,43.6581648,-79.3724019
208,7275,Queen St W / James St,43.6521206,-79.3807195
209,7271,Yonge St / Alexander St - SMART,43.6628957,-79.3837219
210,7254,Borden St / Bloor St W - SMART,43.6656788,-79.4086501
211,7251,The Royal Ontario Museum (Bloor St Entrance),43.6677097,-79.3947771
212,7253,John St  / Mercer St - SMART,43.6459532,-79.3894662
213,7269,Toronto Eaton Centre (Yonge St) - SMART,43.6544382,-79.3806994
214,7226,Lake Shore Blvd W / The Boulevard Club,43.63565089999999,-79.4440176
215,7240,Bloor St W / Shaw St - SMART,43.66251,-79.4232428
216,7245,Tecumseth St / Queen St W - SMART,43.6466705,-79.4065926
217,7281,Charles St W / Balmuto St - SMART,43.6684851,-79.387383
218,7250,Ursula Franklin St / St. George St - SMART,43.6604484,-79.39695379999999
219,7237,Ward St / Wallace Ave,43.6620325,-79.4458421
220,7236,Thompson St / Broadview Ave - SMART,43.6729037,-79.3557688
221,7264,Bloor St E / Huntley St - SMART,43.6719158,-79.3791141
222,7265,Wallace Ave / Symington Ave - SMART,43.6612929,-79.4493586
223,7272,Yonge St / Dundonald St - SMART,43.6658295,-79.384935
224,7280,Charles St E / Jarvis St - SMART,43.6699562,-79.37994259999999
225,7256,Vanauley St / Queen St W - SMART,43.6483383,-79.3983971
226,7259,Lower Spadina Ave / Lake Shore Blvd W,43.6385364,-79.39212959999999
227,7230,Garden Ave / Roncesvalles Ave,43.6438041,-79.4474894
228,7287,Queen St E / Pape Ave - SMART,43.6615867,-79.3376924
229,7255,Stewart St / Bathurst St  - SMART,43.6431914,-79.402383
230,7274,Queen's Park Cres E / Grosvenor St - SMART,43.6617465,-79.3898756
231,7988,High Park - Grenadier Cafe,43.6454728,-79.46601040000002
232,7248,Baldwin St / Spadina Ave - SMART,43.6549246,-79.39872
233,7285,Spadina Ave / Harbord St - SMART,43.6630939,-79.4020097
234,7263,Walton St / Elizabeth St - SMART,43.6577597,-79.3861957
235,7270,Church St / Dundas St E - SMART,43.6564936,-79.37714629999999
236,7233,King St W / Cowan Ave - SMART,43.6380248,-79.4318773
237,7257,Dundas St W / St. Patrick St,43.6544805,-79.3903151
238,7252,Robert St / Bloor St W - SMART,43.6663621,-79.4053356
239,7242,Lake Shore Blvd W / Ontario Dr,43.6303922,-79.4198324
240,7227,Martin Goodman Trail (Marilyn Bell Park),43.631462,-79.4316385
241,7277,Chorley Park - SMART,43.6860497,-79.3692834
242,7289,Humber Bay Shores Park East,43.6279083,-79.4756618
243,7282,Adelaide St W / Bay St - SMART,43.6498929,-79.380774
244,7249,Lakeview Ave / Harrison St (Green P) – SMART,43.6505226,-79.4241796
245,7439,Pears Av / Avenue Rd,43.6755467,-79.3969113
246,7222,Sunnyside - Gus Ryder Pool,43.6376371,-79.454574
247,7284,University Ave / King St W - SMART,43.6476565,-79.3848108
248,7286,Gerrard St E / Broadview Ave  - SMART,43.6654831,-79.35263359999999
249,7232,Queen St W  /  Fuller Ave - SMART,43.6401129,-79.4391036
250,7273,Bay St / Charles St W - SMART,43.6682216,-79.38884639999999
251,7262,Wychwood Ave / Benson Ave - SMART,43.6805329,-79.4228327
252,7268,111 Bond St (North of Dundas St E)  - SMART,43.6570693,-79.3784481
253,7238,Sorauren Ave / Geoffrey St - SMART,43.6490836,-79.4445453
254,7246,Yonge St / Bloor St,43.6702395,-79.3867779
255,7229,Dundas St W / Roncesvalles Ave Green P -SMART,43.63963400000001,-79.44270829999999
256,7221,High Park Subway Station,43.6538364,-79.4668944
257,7288,Humber Bay Shores Park West,43.6279083,-79.4756618
258,7228,King St W / Wilson Park Blvd,43.636631,-79.4415691
259,7234,Roncesvalles Ave / Marmaduke St,43.6504594,-79.45065430000001
260,7224,Bloor St W / High Park Ave (High Park),43.6535492,-79.4652526
261,7243,Exhibition GO Station,43.6358813,-79.4187599
262,7258,Queen St E / Rushbrooke Ave,43.6627907,-79.33226979999999
263,7279,Rosehill Ave / Avoca Ave - SMART,43.687323,-79.3883309
264,7244,Dufferin Gate - SMART,43.6336015,-79.4253112
265,7231,Wright Ave / Sorauren Ave - SMART,43.6464605,-79.44352669999999
266,7295,High Park - West Rd,43.6488917,-79.4678925
267,7247,Howard Park Ave / Dundas St W - SMART,43.6521208,-79.4480955
268,7223,Parkside Dr / Bloor St W - SMART,43.6547025,-79.4599925
269,7278,Mallon Ave / Jones Ave -SMART,43.665857,-79.33415169999999
270,7225,Lake Shore Blvd W / Windermere Ave,43.6351975,-79.4681768
271,7266,Victoria Park Subway Station - SMART,43.6946598,-79.2891314
272,7219,Wolfpack - 7219,43.653226,-79.3831843
273,7291,Lakeshore Blvd E / Parliament St,43.6478348,-79.3612284
274,7293,College St / McCaul St,43.659209,-79.3934968
275,7292,Granby St / Church St - SMART,43.66125580000001,-79.37909359999999
276,7298,Bathurst St / Adelaide St W,43.6448252,-79.4030549
277,7299,Mill St / Parliament St,43.6501923,-79.3621333
278,7297,Havelock St / Dufferin Park,43.657743,-79.4313063
279,7301,Primrose Ave / Davenport Rd - SMART,43.6719433,-79.4460239
280,7303,Queen St E / Woodward Ave,43.6656149,-79.3197556
281,7296,Westmoreland Ave / Fernbank Ave,43.6660861,-79.43255189999999
282,7309,Queen St E / Rhodes Ave,43.6660858,-79.31765299999999
283,7302,Winona Dr / Davenport Rd,43.6747232,-79.4302146
284,7311,Sherbourne St / Isabella St,43.6696652,-79.3757577
285,7312,Amelia St / Sumach St,43.6684703,-79.3636485
286,7314,Queen St. E / Eastern Ave,43.6672211,-79.3125987
287,7313,Lower Coxwell Ave /  Lake Shore Blvd E,43.654173,-79.339825
288,7315,Queen St E / Hammersmith Ave,43.67123369999999,-79.29444579999999
289,7318,Hubbard Blvd / Glen Manor Dr,43.6687719,-79.2913793
290,7319,Lake Shore Blvd E / Knox Ave,43.654173,-79.339825
291,7317,Hubbard Blvd / Balsam Av,43.6694349,-79.288848
292,7316,Queen St. E / Spruce Hill Rd.,43.672398,-79.2887672
293,7322,East Liberty St / Western Battery Rd,43.6391814,-79.4114266
294,7323,457 King St W,43.645019,-79.39611219999999
295,7324,King St W / Charlotte St (West Side),43.6457561,-79.3935997
296,7320,Front St W / University Ave (1),43.6454697,-79.38223579999999
297,7321,Front St W / University Ave (2),43.6457115,-79.38364899999999
298,7328,Roxborough St W / Yonge St,43.6781999,-79.3900398
299,7327,Davenport Rd / Dovercourt Rd - SMART,43.6742926,-79.4346276
300,7329,Crawford St / Queen St W,43.6449569,-79.41504909999999
301,7326,Davenport Rd / Lansdowne Ave,43.6715556,-79.44827099999999
302,7334,Simcoe St / Wellington St W North,43.6460702,-79.3855226
303,7333,King St E / Victoria St,43.649412,-79.3767302
304,7335,123 Queen St W,43.6511644,-79.3841716
305,7330,Lee Ave / Queen St E,43.6704795,-79.2979806
306,7332,200 Bloor St E,43.672666,-79.3823529
307,7331,Coxwell Ave / Plains Rd,43.6959499,-79.32874699999999
308,7337,Gerrard Square Mall (1010 Gerrard St E),43.6693301,-79.3391606
309,7336,Queen St E / Alton Av,43.6637879,-79.3278595
310,7342,Morse St / Eastern Ave - SMART,43.65811190000001,-79.3401738
311,7339,Carlaw Ave / Strathcona Ave,43.6752973,-79.34597029999999
312,7341,Eastern Ave / Winnifred Ave,43.6592142,-79.3351323
313,7344,Cherry Beach,43.6369864,-79.3440914
314,7338,Logan Ave / Bain Ave,43.671991,-79.3471996
315,7340,Blake St / Boultbee Ave - SMART,43.6724194,-79.338167
316,7343,Alton Ave / Dundas St E (Greenwood Park),43.6688218,-79.3285532
317,7345,Cherry Beach Sports Fields (55 Unwin Ave),43.6404132,-79.341099
318,7347,Regal Rd / Dufferin St,43.6739966,-79.44141239999999
319,7346,Logan Ave / Gerrard St E,43.6671084,-79.3451978
320,7350,Broadview Ave / Westwood Ave,43.6852203,-79.35656689999999
321,7349,Gamble Ave / Broadview Ave,43.6893203,-79.354964
322,7348,Pape Ave / Gamble Ave,43.6903809,-79.3491781
323,7351,Pretoria Ave / Broadview Ave,43.6784055,-79.3584317
324,7354,Tommy Thompson Park (Leslie Street Spit),43.6352117,-79.3248521
325,7353,Fulton Ave / Pape Ave - SMART,43.6840256,-79.3467709
326,7356,King St E / Berkeley St,43.6521476,-79.3643932
327,7357,Lake Shore Blvd E / Leslie St,43.6592314,-79.3284429
328,7352,Cosburn Ave / Donlands Ave,43.6911377,-79.34167389999999
329,7358,Galbraith Rd / King's College Rd,43.6608445,-79.3948125
330,7360,Concord Ave / Dewson St,43.656704,-79.42491509999999
331,7362,St Clair Ave W / Bathurst St.,43.6830782,-79.4182617
332,7361,Hocken Ave / Vaughan Rd,43.6818033,-79.41838179999999
333,7363,Wells Hill Ave / St Clair Ave W,43.6836566,-79.4160924
334,7359,Rosedale Park (20 Scholfield Ave),43.6828059,-79.3789285
335,7366,Fort York Blvd / Bathurst St - SMART,43.6389018,-79.40064509999999
336,7364,Queen St E / Nursewood Rd,43.6739601,-79.28123
337,7365,Kewbeach Ave / Kenilworth Ave,43.6666167,-79.30064220000001
338,7369,Dupont St / Emerson Ave SMART,43.6672342,-79.4441645
339,7368,Lisgar St / Dundas St W - SMART,43.6494957,-79.4267637
340,7367,Alma Ave / Gladstone Ave SMART,43.6449198,-79.428033
341,7371,Eglinton Ave W / Henning Ave SMART,43.7061086,-79.4014267
342,7372,Adelaide St W / Portland St,43.6457231,-79.40058839999999
343,7355,Beltline Trail / Chaplin Cres,43.69580550000001,-79.3950582
344,7373,George St / King St E,43.6519373,-79.3653223
345,7374,Frederick St / The Esplanade,43.6487763,-79.3684564
346,7375,Front St E / Scott St,43.6474713,-79.375757
347,7376,Frobisher Ave / Lascelles Blvd,43.6965654,-79.4000989
348,7378,Yonge St / Davisville Ave,43.698296,-79.3966063
349,7377,Balliol St / Yonge St  SMART,43.6973777,-79.39642119999999
350,7379,Lawton Blvd / Yonge St,43.6907496,-79.3950303
351,7381,Roehampton Ave / Yonge St,43.70800200000001,-79.3985891
352,7380,Erskine Ave / Yonge St SMART,43.7110953,-79.3992901
353,7382,Simcoe St / Adelaide St W,43.6486364,-79.3865971
354,7383,12 Harbour St,43.6427928,-79.3761796
355,7384,Cumberland St / Bay St SMART,43.6705711,-79.3898303
356,7385,20 Charles St E - SMART,43.6690709,-79.3851306
357,7386,D'Arcy St / McCaul St - SMART,43.6553041,-79.3918497
358,7387,Mortimer Ave / Carlaw Ave SMART,43.6852852,-79.34988179999999
359,7388,Broadview Subway Station,43.6769104,-79.3581849
360,7389,College Park - Gerrard Entrance,43.6607444,-79.38342779999999
361,7391,Yonge St / Dundas Sq,43.6557184,-79.3806455
362,7669,Bay St / Bloor St W (West Side),43.6697384,-79.3894681
363,7949,King St E / Church St,43.6499189,-79.3743915
364,7955,190 Queens Quay E,43.6457099,-79.36484740000002
365,7217,Soho St / Queen St W,43.6493655,-79.39340829999999
366,7392,Woodbine Subway Green P SMART,43.6863715,-79.31281609999999
367,7395,Dentonia Park,43.6936111,-79.2937357
368,7393,55 Magnificent Rd. Garage,43.6128078,-79.51173159999999
369,7440,Martin Goodman Trail / Ontario Dr,43.6309496,-79.4288342
370,7398,York St / Lake Shore Blvd W,43.6416165,-79.3809406
371,7403,Lascelles Blvd / Eglinton Ave W,43.7056141,-79.4037235
372,7406,Victoria St / Queen St E,43.6526722,-79.378063
373,7417,King St W / Jordan St,43.6489622,-79.3787916
374,7261,Queens Quay E / Lower Sherbourne St,43.6451854,-79.36543170000002
375,7409,Isabella St / Church St,43.6683323,-79.3820217
376,7432,Frederick St / King St E,43.6509981,-79.3694561
377,7419,Bloor St W / Huron St,43.6671667,-79.4015162
378,7400,Polson Pier,43.6422275,-79.3525144
379,7449,Cosburn Ave / Cedarvale Ave,43.69683029999999,-79.3156435
380,7445,Eastwood Rd / Coxwell Ave,43.6728909,-79.319268
381,7427,Northern Dancer Blvd / Lake Shore Blvd E,43.6634649,-79.3097475
382,7450,Carlaw Ave / Danforth Ave,43.6784505,-79.3473281
383,7407,University Ave / Queen St W,43.6508639,-79.3864337
384,7428,Woodbine Ave / Lake Shore Blvd E,43.6666834,-79.3049412
385,7418,College Park - Yonge St Entrance,43.6607444,-79.38342779999999
386,7443,Dundas St E / George St,43.6573162,-79.3734619
387,7416,Spadina Ave / Blue Jays Way,43.6413477,-79.3931607
388,7422,Tyndall Ave / King St W - SMART,43.6385902,-79.4291128
389,7408,University Ave / Armoury St,43.6530832,-79.3877542
390,7452,Bleecker St / St James Ave,43.66885449999999,-79.3744219
391,7404,Roehampton Ave / Mount Pleasant Rd,43.7096386,-79.3906288
392,7454,Pottery Rd / Lower Don River Trail,43.688171,-79.3618726
393,7402,Wellington St W / Bathurst St,43.6426297,-79.4021618
394,7426,Fleet St / Garrison Rd (Fort York),43.6363724,-79.40863329999999
395,7411,Little Norway Park,43.635226,-79.3987963
396,7457,Queen's Park Cres W / Hoskin Ave,43.6650269,-79.3939123
397,7447,Trent Ave / Danforth Ave,43.6894706,-79.2960561
398,7415,Keele St / Vine Ave,43.6665804,-79.4650412
399,7444,Clendenan Ave / Rowland St - SMART,43.66030019999999,-79.4714171
400,7467,Lower Simcoe St / Bremner Blvd,43.64239449999999,-79.3840129
401,7461,High Park Amphitheatre,43.64637150000001,-79.4621093
402,7438,Gothic Ave / Quebec Ave,43.6562935,-79.468184
403,7414,Keele St / Annette St,43.663782,-79.4644211
404,7458,Church St / Lombard St,43.65181159999999,-79.3751881
405,7459,St Clair Ave W / Winona Dr,43.680195,-79.4324721
406,7441,Pacific Ave / Glenlake Ave,43.65757019999999,-79.4652322
407,7468,Front St W / Simcoe St,43.6447774,-79.3850078
408,7430,Marilyn Bell Park Tennis Court,43.63352,-79.4380295
409,7451,Western Battery Rd / Pirandello St,43.6400104,-79.414453
410,7473,Adelaide St W / Strachan Ave,43.6433442,-79.41242679999999
411,7469,York St / Wellington St W ,43.6466183,-79.3830107
412,7472,Dundas St E / Victoria St,43.6562878,-79.37957380000002
413,7446,Orchard Park,43.6687342,-79.3143391
414,7463,Adelaide St W / Brant St,43.6462254,-79.3981277
415,7399,Lower Jarvis St / Queens Quay E,43.6439484,-79.36896569999999
416,7462,Richmond St E / Yonge St,43.6516946,-79.3789556
417,7471,2300 Lakeshore Blvd W,43.6185201,-79.48695950000001
418,7474,Clarence Square,43.643788,-79.3933236
419,7436,Shaw St / Dupont St,43.670595,-79.426609
420,7412,King St W / Crawford St,43.64166549999999,-79.4138104
421,7423,Merton St / Al Green Ln,43.6963347,-79.3952092
422,7460,High Park Outdoor Pool,43.6495502,-79.4652874
423,7456,Belmont St / Davenport Rd - SMART,43.6747028,-79.3929061
424,7475,Jarvis St / Richmond St E,43.6527421,-79.3728309
425,7482,Danforth Ave / Sibley Ave,43.6902385,-79.2926978
426,7478,Ellis Ave / The Queensway,43.6377122,-79.4663906
427,7486,Gerrard St E / Main St,43.68397179999999,-79.3001702
428,7435,Rushton Rd / St Clair Ave W,43.6813534,-79.4276977
429,7479,Jane St / Bloor St W (Jane Subway Station),43.6500102,-79.4837178
430,7424,Merton St / Mount Pleasant Rd,43.698184,-79.38644910000001
431,7480,Neil McLellan Park,43.6515453,-79.47698
432,7410,Howard St / Rose Ave,43.6713495,-79.37232879999999
433,7434,91 Via Italia,43.6769038,-79.4450379
434,7437,Concord Ave / Bloor St W,43.6617212,-79.42681569999999
435,7477,Antler St / Campbell Ave - SMART,43.664172,-79.4492777
436,7425,The Queensway at South Kingsway,43.635654,-79.473389
437,7465,Russell Hill Rd / St Clair Ave W,43.685275,-79.407826
438,7429,Woodbine Subway Station,43.6863715,-79.31281609999999
439,7487,Eastwood Rd / Woodbine Ave - SMART,43.6764698,-79.3089586
440,7453,Jarvis St / Maitland Pl,43.66520209999999,-79.3778775
441,7413,Dundas St W / Watkinson Ave,43.6649576,-79.4602718
442,7476,Symington Ave / Dupont St,43.66572379999999,-79.45121209999999
443,7481,Westmount Ave / St Clair Ave W,43.6782501,-79.441951
444,7491,D'Arcy St / Spadina Ave - SMART,43.653937,-79.3983307
445,7492,Cherry St / Lake Shore Blvd E,43.6492709,-79.3565328
446,7455,E.T. Seton Park (Eglinton Ave E / Leslie St),43.7165576,-79.349013
447,7493,Sackville St / Eastern Ave - SMART,43.6534686,-79.3592364
448,7431,Gerrard St E / Leslie St,43.66981150000001,-79.33305519999999
449,7442,Lonsdale Rd / Spadina Rd,43.6886445,-79.41266879999999
450,7494,Davenport Rd / McAlpine St - SMART,43.6738925,-79.39152109999999
451,7466,Glendonwynne Rd / Bloor St W,43.65163099999999,-79.4740221
452,7489,Sumach St  / Queen St E,43.656832,-79.3589094
453,7488,Summerhill Ave / Maclennan Ave,43.685605,-79.37809159999999
454,7497,128 Sterling Rd - SMART,43.65369570000001,-79.4451129
455,7433,Dundas St E / Boulton Ave - SMART,43.6631826,-79.3482168
456,7483,Southwood Dr / Kingston Rd - SMART,43.7426176,-79.2130136
457,7501,Humberside Grounds - SMART,43.6592264,-79.4702794
458,7502,University Ave / College St (East),43.659884,-79.390349
459,7496,Sunnyside Ave / The Queensway - SMART,43.638853,-79.4484657
460,7420,Barton Ave / Howland Ave - SMART,43.6686516,-79.40982340000001
461,7218,Make Invisible - 7218,43.653226,-79.3831843
462,7508,Berkeley St / Dundas St E - SMART,43.6591258,-79.367351
463,7509,Ontario St / King St E,43.6517703,-79.3660731
464,7505,Ontario St / Adelaide St E -SMART,43.6526694,-79.36619200000001
465,7503,Gerrard St E / Malvern Ave - SMART,43.6851543,-79.2946869
466,7448,Goodwood Park Crt / Dentonia Park,43.6936111,-79.2937357
467,7484,Briar Hill Ave / Yonge St - SMART,43.713666,-79.39981929999999
468,7504,Gerrard St E / Victoria Park Ave - SMART,43.6869114,-79.28662179999999
469,7485,Blythwood Rd / Yonge St - SMART,43.71660869999999,-79.4004492
470,7506,Berkeley St / Adelaide St E - SMART,43.6529852,-79.364753
471,7510,Princes' Blvd / Nunavut Rd,43.6332035,-79.41531379999999
472,7394,Toronto Bike Shop,43.6518383,-79.4089607
473,7515,Amos Waites Park,43.6132156,-79.48754319999999
474,7518,Lake Shore Blvd W / Colborne Lodge Dr - SMART,43.6379867,-79.4590004
475,7514,Humber Bay Shores Park / Marine Parade Dr,43.6279083,-79.4756618
476,7516,Superior Ave / Lake Shore Blvd W,43.6149722,-79.4886633
477,7519,406 Oakwood Ave,43.6882617,-79.43944479999999
478,7520,St Clarens Ave / Shirley St,43.6481352,-79.4375548
479,7526,Bartlett Parkette,43.6702309,-79.4363632
480,7524,Lisgar Park,43.642437,-79.4237069
481,7528,Spadina Rd / Austin Terrace,43.6788745,-79.40875779999999
482,7530,Sherbourne St N / Elm Ave,43.6750541,-79.37785
483,7527,Joseph J Piccininni Community Centre,43.6753188,-79.45158049999999
484,7525,Fennings St / Queen St W,43.6437231,-79.4211667
485,7523,Lynn Williams St / East Liberty St - SMART,43.6386621,-79.417203
486,7534,Walnut Ave / Queen St W,43.6457293,-79.41125129999999
487,7532,135 Queen’s Wharf - SMART,43.6358922,-79.4048835
488,7535,Wolsley St / Palmerston Ave - SMART,43.6474319,-79.40681649999999
489,7536,Palmerston Ave / Dundas St W,43.6518086,-79.4084793
490,7531,541 Huron St - SMART,43.6709123,-79.40225699999999
491,7542,Queen St W / John St,43.6498656,-79.3910745
492,7538,Vaughan Rd /Wychwood Ave,43.6883938,-79.42551739999999
493,7537,Euclid Ave / Herrick St - SMART,43.661929,-79.413889
494,7543,Nassau St / Bellevue Ave,43.6549618,-79.4036308
495,7545,Baldwin St / Henry St,43.6560121,-79.39345039999999
496,7547,Orde St / McCaul St,43.65804860000001,-79.39301789999999
497,7548,St. Joseph St / Bay St - SMART,43.6656602,-79.38767880000002
498,7544,Foster Pl / Elizabeth St,43.6545503,-79.3848295
499,7546,Ross St / Cecil St - SMART,43.6566217,-79.3967908
500,7517,Ripley Ave / Ormskirk Ave,43.6390999,-79.4761602
501,7555,Royal York Rd / Mimico Ave,43.6122519,-79.49673609999999
502,7552,Lake Shore Blvd W / Thirty Ninth Street,43.5928736,-79.5405972
503,7558,Berry Rd / Bell Manor Dr,43.6371402,-79.48891739999999
504,7561,Annette St / Jane St,43.6582752,-79.48813439999999
505,7553,Lake Shore Blvd W / Twenty Fourth St,43.5969802,-79.5224776
506,7565,St Clair Ave W / Gunns Rd,43.6718533,-79.4711359
507,7562,Priscilla Ave / Dundas St W,43.6656488,-79.489594
508,7563,St Clair Ave W / Castleton Ave,43.6685028,-79.48566939999999
509,7554,Humber College,43.7307352,-79.6004907
510,7560,Glenwood Ave / Runnymede Rd,43.6568741,-79.4786536
511,7570,Carlaw Ave / Dundas St E,43.66482329999999,-79.3416036
512,7569,Toronto Inukshuk Park,43.6322474,-79.40928029999999
513,7568,Jameson Ave / Queen St W,43.6404714,-79.4372735
514,7572,Cosburn Ave / Durant Ave,43.6937122,-79.3299617
515,7567,Weston Lions Park,43.6988908,-79.520434
516,7566,Weston Rd / St Clair Ave W - SMART,43.6726177,-79.4675697
517,7559,Swansea Community Centre,43.6441772,-79.4768304
518,7533,Housey St / Dan Leckie Way,43.6381439,-79.39751
519,7571,Highfield Rd / Gerrard St E,43.671806,-79.3247844
520,7575,Bayview Ave / Lawren Harris Square,43.6546385,-79.3536876
521,7556,Windsor St / Newcastle St,43.6178619,-79.4974941
522,7564,Durie St / Dundas St W,43.6656078,-79.48485339999999
523,7521,Emerson Ave / Bloor St W,43.6587684,-79.44073019999999
524,7557,The Queensway / High St,43.6306299,-79.4830908
525,7576,Front St E / Bayview Avenue,43.6535857,-79.3536805
526,7541,Bellwoods Ave / Treford Pl - SMART,43.6524514,-79.4134084
527,7551,The Esplanade / Hahn Pl,43.6501239,-79.3635388
528,7573,Torrens Ave / Broadview Ave,43.6902444,-79.355164
529,7577,Oak St / Sumach St,43.6619684,-79.3610075
530,7529,Symington Ave / Davenport Rd,43.6707125,-79.4532481
531,7539,Davisville Ave / Pailton Cres,43.69950499999999,-79.39089899999999
532,7549,439 Sherbourne St,43.6661819,-79.37348349999999
533,7581,High Park Ave / Dundas St W,43.66547870000001,-79.4703433
534,7540,Alvin Ave / St Clair Ave E,43.6884224,-79.39263799999999
535,7580,Hillsdale Ave W / Yonge St,43.7033272,-79.3976344
536,7579,Glebe Rd W / Yonge St,43.7008501,-79.39711299999999
537,7582,Alameda Ave / Vaughan Rd - SMART,43.6907933,-79.4374761
538,7583,Eglinton Ave W / Scarlett Rd,43.68398699999999,-79.5115265
539,7584,The Pond Rd / Sentinel Rd,43.7700356,-79.5024301
540,7585,Sentinel Rd / Finch Corridor Trail,43.76471420000001,-79.5011864
541,7586,Finch West Subway Station,43.7651403,-79.4910434
542,7588,G Ross Lord Park,43.7796307,-79.461015
543,7591,Elwood Blvd / Avenue Rd,43.7069148,-79.4099229
544,7596,Langford Ave / Danforth Ave - SMART,43.6797378,-79.34058820000001
545,7593,Roehampton Ave / Bayview Ave,43.7120553,-79.3771932
546,7600,Ursula Franklin St / Huron St - SMART,43.6600875,-79.3986857
547,7587,Dufferin St / Finch Corridor Trail,43.77208419999999,-79.46763539999999
548,7601,Brick Works,43.6742855,-79.4678639
549,7598,Teddington Park Ave,43.733947,-79.399709
550,7599,Richmond St W / York St,43.6504591,-79.38459809999999
551,7606,Dawes Rd / Taylor Creek Trl,43.7003554,-79.314792
552,7594,Fleming Cres / Bayview Ave,43.7069414,-79.37562059999999
553,7597,Yonge St / Golfdale Rd,43.7319969,-79.4040136
554,7605,Lumsden Ave / Eastdale Ave,43.6956152,-79.301188
555,7603,O'Connor Dr / Curity Ave - Smart,43.7079382,-79.3110659
556,7607,Fairmount Park,43.6765582,-79.3158066
557,7604,St Columba Pl / St Clair Ave E,43.7058717,-79.3105349
558,7609,Sunnybrook Park,43.7243208,-79.3579026
559,7620,Eglinton Ave E / Redpath Ave,43.70788839999999,-79.3928021
560,7619,Braemar Ave / Eglinton Ave W,43.704367,-79.4095947
561,7618,Vaughan Rd / Oakwood Ave,43.69263489999999,-79.4408167
562,7608,Wilket Creek Park,43.72327250000001,-79.35078
563,7602,Woodbine Ave / O'Connor Dr,43.7000968,-79.31914189999999
564,7621,Long Branch GO Station,43.5913165,-79.5461543
565,7623,Royal York Rd / Lake Shore Blvd W,43.6036733,-79.4931443
566,7622,Marie Curtis Park,43.5867787,-79.5425693
567,7617,Starspray Blvd / Lawrence Ave E,43.7883784,-79.12309429999999
568,7626,Rouge Hill GO Station,43.78070839999999,-79.13027679999999
569,7612,Livingston Rd / Guildwood Pkwy,43.7475756,-79.1992873
570,7631,Florence Gell Park,43.6619698,-79.4982455
571,7610,Kingston Rd / Beech Ave,43.6802579,-79.290703
572,7615,Colonel Danforth Park,43.7782674,-79.1653474
573,7630,Twelfth St / Thirteenth St,43.6004545,-79.51117049999999
574,7522,Wallace Ave / Pauline Ave,43.6633905,-79.43926479999999
575,7625,Yonge St / Lawrence Ave E,43.7250985,-79.4021842
576,7611,Victoria Park Ave / Danforth Ave,43.6912277,-79.28840249999999
577,7614,Morningside Park (Highland Creek Trail),43.7970235,-79.2792623
578,7613,Livingston Rd (Highland Creek Trail),43.7970235,-79.2792623
579,7624,Guildwood GO Station (South),43.7548162,-79.1986163
580,7629,Lundy Ave / Étienne Brûlé Park,43.6626675,-79.5028373
581,7589,Torresdale Ave / Antibes Dr,43.7819474,-79.4504237
582,7632,Chiltern Hill Rd / Eglinton Ave W,43.7005255,-79.4277379
583,7590,Esther Shiner Stadium,43.7759198,-79.4453908
584,7578,Oak St / Parliament St,43.660723,-79.3665257
585,7635,Runnymede Rd / Annette St,43.6600551,-79.4799977
586,7636,Bloor St W / Riverside Dr,43.6477222,-79.4881372
587,7637,Judson St / Royal York Rd,43.61621239999999,-79.4983862
588,7640,Spadina Rd / St.Clair Ave West,43.68469220000001,-79.4111827
589,7633,Noble St / Queen St W,43.6420022,-79.4297034
590,7641,Annette St / Dundas St W,43.6644367,-79.458801
591,7639,135 Queens Wharf Rd - SMART,43.6399714,-79.39940399999999
592,7642,Yonge St / St Clair Ave,43.6880291,-79.3940666
593,7643,Oriole Pkwy / Kilbarry Rd,43.6954984,-79.4024764
594,7644,East Lynn Ave / Danforth Ave,43.6851516,-79.3152614
595,7634,University Ave / Gerrard St W (WEST) - SMART,43.65753,-79.38962599999999
596,7627,Shaw St / Essex St - SMART,43.6670319,-79.4251446
597,7646,University Ave / Richmond St W,43.6501181,-79.3861096
598,7647,Elm St/ University Ave (East Side),43.6563561,-79.3888198
599,7648,909 Yonge St,43.6749935,-79.3884747
600,7649,Greenwood Subway Station - SMART,43.682552,-79.330353
601,7645,University of Toronto Scarborough,43.78309609999999,-79.1873263
602,7650,St Clair West Subway Station - Heath Entrance,43.6841895,-79.4154172
603,7616,Waterfront Trail (Rouge Hill),43.7822219,-79.1276228
604,7651,Bloor St W / Gladstone Ave,43.6601306,-79.4340824
605,7595,Moore Park,43.6913089,-79.383686
606,7653,Bloor St W / Indian Rd,43.6553979,-79.4568281
607,7654,Bloor St W / Pacific Ave - SMART,43.6539026,-79.4636864
608,7655,Danforth Ave / Dewhurst Blvd,43.680045,-79.3394327
609,7656,Bloor St W / Brock Ave,43.6591871,-79.438654
610,7657,1 Market St - SMART,43.6468752,-79.3710718
611,7658,King's Mill Park,43.6470075,-79.4972116
612,7667,Spadina Ave / Sussex Ave - SMART,43.6646377,-79.40282859999999
613,7662,Beaty Ave / Queen St W,43.6397102,-79.4411384
614,7985,Wellesley Station Green P,43.6655194,-79.3838164
615,7659,Amroth Ave / Danforth Ave,43.6859466,-79.3116716
616,7201,Blantyre Park,43.683194,-79.2807022
617,7663,Kilgour Rd / Rumsey Rd,43.7098759,-79.3685444
618,7665,Sunnybrook Health Centre - S Wing,43.7228493,-79.3729462
619,7660,285 Victoria St,43.6569752,-79.3797112
620,7666,Dundas St W / St Helen's Ave - SMART,43.6502319,-79.4374643
621,7664,Sunnybrook Health Centre - L Wing,43.7229641,-79.3748404
622,7668,Simcoe St / Dundas St W - SMART,43.6546762,-79.3892019
623,7670,Yonge St / Woburn Ave - SMART,43.7283431,-79.4030549
624,7671,Yonge St / Montgomery Ave - SMART,43.7095975,-79.3989647
625,7675,1525 Dundas St W,43.6489996,-79.4323747
626,7962,Yonge St / Orchard View Blvd,43.7082207,-79.398642
627,7763,640 Bloor Street E,43.6740702,-79.36807429999999
628,7681,25 Booth Ave,43.6544839,-79.34105699999999
629,7679,York University Station (North),43.7739092,-79.4998269
630,7498,Lower Don River Trail and Taylor Creek Trail,43.7003554,-79.314792
631,7677,1303 Yonge St - SMART,43.6847112,-79.39239309999999
632,7678,York University Station (South) - SMART,43.7739092,-79.4998269
633,7676,York University (Glendon Campus) - SMART,43.7281918,-79.377212
634,7638,Warehouse EBS-Station,43.6445794,-79.383396
635,7816,Bay St / Dundas St W,43.6557389,-79.38374019999999
636,7787,HTO Park West,43.6375384,-79.39029529999999
637,7810,Avenue Rd / Cumberland St ,43.6695854,-79.39448660000001
638,7887,800 Fleet St (North),43.63655,-79.40890999999999
639,7772,Simcoe St / King St W,43.6473808,-79.3860819
640,7768,Armoury St / Chestnut St,43.6538455,-79.3854138
641,7757,The Well,43.6427914,-79.3957904
642,7779,165 McRae Dr,43.7062979,-79.3677821
643,7818,Soudan Ave / Yonge St ,43.7043502,-79.3978406
644,7907,365 Lippincott St,43.6649482,-79.40947
645,7716,Church St / The Esplanade,43.647267,-79.3732761
646,7850,Maud St / Adelaide St W,43.6459221,-79.3995915
647,7729,265 Armadale Ave,43.6504354,-79.4826044
648,7700,St Clair Ave W / Robina Ave,43.6798703,-79.43468940000001
649,7693,Mutual St / Shuter St (Arena Gardens),43.6558442,-79.3755231
650,7687,Bloor St W / Gladstone Ave - SMART,43.6601306,-79.4340824
651,7913,St. George St / Willcocks St,43.662086,-79.39761179999999
652,7785,Keele St / Dovehouse Ave - SMART,43.7496289,-79.4875093
653,7867,15 Price St ,43.6797441,-79.38975769999999
654,7899,Queens Park Cres / College St ,43.660069,-79.39080000000001
655,7682,Bathurst St / Front St W,43.6407524,-79.4014179
656,7788,Queens Quay E / Lower Jarvis St ,43.6439484,-79.36896569999999
657,7721,Widmer St / King St W,43.6463163,-79.3910401
658,7719,Wolseley St / Augusta Ave,43.648897,-79.3999729
659,7796,Dundas St E / River St,43.6612055,-79.35812729999999
660,7747,Eglinton Ave W / Ennerdale Rd,43.6949769,-79.45349300000001
661,7713,Temperance St / Bay St,43.6505208,-79.3810383
662,7684,Bay St / Harbour St (East),43.6420968,-79.3774481
663,7766,Albany Ave / Bloor St W,43.6654005,-79.4099856
664,7928,Simcoe St / Pullan Pl,43.6510109,-79.3876331
665,7770,Spadina Ave / Sullivan St,43.6508824,-79.3973219
666,7925,Niagara St / King St W - SMART,43.6428972,-79.4077039
667,7817,Shaw St / King St W,43.6414282,-79.4149971
668,7900,Simcoe St / Elm St,43.6562328,-79.389634
669,7821,Lisgar St / Queen St W - SMART,43.6432413,-79.423591
670,7892,Erskine Ave / Redpath Ave,43.7120779,-79.3944192
671,7717,Niagara St / Portland St,43.6424509,-79.3992474
672,7912,Joe Shuster Way / King St W ,43.6397139,-79.4235468
673,7917,King St W / University Ave,43.6476565,-79.3848108
674,7761,Moss Park,43.6545592,-79.3695121
675,7881,Queens Quay E / Merchants' Wharf,43.6455722,-79.36433939999999
676,7843,Uno Dr / The Queensway,43.6287326,-79.5074558
677,7791,Ossington Ave / Bruce St,43.6456289,-79.41935649999999
678,7707,Coronation Park (Martin Goodman Trail),43.6337818,-79.40689150000001
679,7804,Lansdowne Ave / Seaforth Ave ,43.6427009,-79.4374697
680,7910,Eglinton Ave E / Brentcliffe Rd,43.7146475,-79.3598018
681,7929,Spadina Ave / Bulwer St- SMART ,43.6494536,-79.39653930000001
682,7724,Wellesley St E / Parliament St,43.668188,-79.3695534
683,7711,Havelock St / Dewson St,43.65554119999999,-79.4304397
684,7703,Oak St / Sackville St,43.661387,-79.3635331
685,7696,Heyworth Cres / Kingston Rd,43.675137,-79.3065589
686,7915,Rogers Rd / Watt Ave,43.6819026,-79.4677524
687,7708,101 Cedarvale Ave,43.6868399,-79.31097
688,7702,111 Broadview Ave,43.6595288,-79.3496359
689,7848,Gerrard St E / Nasmith Ave ,43.6629722,-79.3623245
690,7739,Kingston Rd / Ridgemoor Ave,43.7063092,-79.25119699999999
691,7857,Eglinton Ave W / Venn Cres,43.6914551,-79.46932029999999
692,7718,St. Andrew's Playground Park,43.6463185,-79.3988638
693,7802,King St W / Jameson Ave - SMART,43.6371815,-79.43601
694,7906,Princess St / Front St E,43.6506632,-79.3666557
695,7933,Elizabeth St / Elm St,43.6569853,-79.3858437
696,7841,Islington Subway Station (Aberfoyle Cres),43.645027,-79.524574
697,7790,Lynn Williams St / Pirandello St ,43.6391636,-79.4141546
698,7856,Scarlett Rd / Old Scarlett Rd ,43.6776895,-79.5064713
699,7798,Shuter St/River St,43.659509,-79.3574326
700,7705,Colgate Ave / Carlaw Ave,43.6622682,-79.3405708
701,7927,Strachan Ave / East Liberty St - SMART,43.6392783,-79.4108344
702,7822,Leslie St / Commissioners St  ,43.6565552,-79.3263673
703,7909,E.T Seton Park - South ,43.703751,-79.3368784
704,7815,Avenue Rd / Macpherson Ave ,43.677582,-79.3977512
705,7695,Queen St E / Joseph Duggan Rd,43.6682424,-79.3080593
706,7823,Greenwood Ave / Sammon Ave,43.6868719,-79.3346603
707,7807,552 Birchmount Rd,43.7118,-79.2706681
708,7803,Scarborough Soccer Centre,43.715296,-79.28722499999999
709,7706,Felstead Ave/Gillard Ave (Monarch Park),43.6781338,-79.32569529999999
710,7826,Greenwood Ave / Gerrard St E,43.6709006,-79.32799810000002
711,7866,695 Lansdowne Ave ,43.6593732,-79.4428197
712,7701,Roncesvalles Ave / Fermanagh Ave,43.6463098,-79.4490457
713,7773,Grenoble Dr / Gateway Blvd,43.7120249,-79.33028
714,7935,Ramsden Park,43.6764426,-79.3932114
715,7728,Randolph Ave / Perth Ave,43.6587041,-79.4495915
716,7744,Rogers Rd / Prospect Cemetery,43.67712359999999,-79.4515897
717,7862,Jane St / Weston Rd,43.6913156,-79.50096479999999
718,7924,Duncan St / Adelaide St W - SMART,43.6481983,-79.3886478
719,7710,11 Spadina Rd,43.66759039999999,-79.40395099999999
720,7746,Marlee Ave / York Beltline Trail,43.701587,-79.44081570000002
721,7890,60 Broadway Ave,43.7105158,-79.3957618
722,7752,1926 Lake Shore Blvd W,43.6361883,-79.46728569999999
723,7725,Yonge St / Macpherson Ave,43.6791456,-79.3904245
724,7748,Bloor St W / Old Mill Trl,43.6495928,-79.49535999999999
725,7715,Lumsden Ave / Cedarvale Ave,43.693114,-79.3139715
726,7916,University Ave / Pearl St ,43.6482774,-79.38516229999999
727,7838,Lake Shore Blvd W / Legion Rd,43.6205242,-79.48323119999999
728,7755,Park Lawn Rd / Berry Rd,43.6361637,-79.4933837
729,7813,Yonge St / Merton St ,43.69615210000001,-79.3961564
730,7753,36 Park Lawn Rd,43.62362830000001,-79.48453529999999
731,7731,Victoria Park Ave / Kingston Rd,43.6808318,-79.2840531
732,7781,St Clair Ave W / Avenue Rd ,43.6865435,-79.40145729999999
733,7688,High Park Blvd / Parkside Dr,43.6448762,-79.45623499999999
734,7904,Palmerston Blvd / Lennox St,43.663336,-79.41313
735,7789,75 Holly St,43.7063279,-79.3962499
736,7926,McRae Dr / Laird Dr - SMART,43.7103446,-79.363535
737,7842,Lake Shore Blvd W / Long Branch Ave,43.59438410000001,-79.5339748
738,7732,Kingston Rd / Warden Ave,43.68776769999999,-79.2709288
739,7777,Thorncliffe Park Dr / Leaside Park Trail,43.7039921,-79.3479906
740,7750,Luttrell Ave / Danforth Ave,43.6899757,-79.2938515
741,7911,King St W / York St (2),43.649336,-79.3783069
742,7691,Christie St / Dupont St,43.6716191,-79.4215274
743,7922,35 Erindale Ave,43.67729,-79.35741
744,7771,St. Clair Ave W / Osler St,43.6738869,-79.46117679999999
745,7833,Glencairn Subway Station,43.7113641,-79.4326967
746,7870,Humber River Hospital ,43.7242224,-79.4885778
747,7736,Birchmount Rd / Kingston Rd,43.69303310000001,-79.2623383
748,7760,Grand Avenue Park,43.6222189,-79.4911283
749,7765,St. John's Rd / Dundas St W,43.66552350000001,-79.47452530000001
750,7769,Lake Shore Blvd W / Brow Dr,43.5905351,-79.54493529999999
751,7891,Opposite 1103 Leslie St,43.7211645,-79.3497325
752,7858,Rogers Rd / Bicknell Ave,43.6819447,-79.47376489999999
753,7808,Eastgate Cres / Pharmacy Ave ,43.7110431,-79.29145059999999
754,7709,Beltline Trail / Yonge St,43.690784,-79.3713173
755,7794,York St / Harbour St (Love Park),43.6405743,-79.379835
756,7780,Mount Pleasant Rd / Davisville Ave - SMART,43.7003288,-79.3869469
757,7930,Dunn Ave / Queen St W,43.6410416,-79.4345264
758,7805,Pharmacy Ave / Teesdale Pl,43.6970371,-79.2854048
759,7699,St Clair Ave W / Oakwood Ave,43.6794987,-79.4358172
760,7692,85 Lee Ave,43.67004,-79.29755
761,7734,Danforth Ave / Warden Ave,43.6943628,-79.2737034
762,7846,Bloor St W / Dundas St W (2),43.6403632,-79.54287769999999
763,7820,1612 Danforth Ave ,43.68367509999999,-79.3227024
764,7903,St Clair Ave W / Symes Rd,43.67030889999999,-79.47761679999999
765,7889,Dundas St W / Prince Edward Dr N,43.6606813,-79.51038299999999
766,7730,800 Fleet St (South),43.63655,-79.40890999999999
767,7863,Jane St / Queens Dr,43.7075404,-79.5050431
768,7832,Finch Subway Station ,43.781433,-79.415024
769,7901,Bloor St W / Kingsmill Rd,43.6492265,-79.50318360000001
770,7932,Boston Ave / Queen St E- SMART,43.6613414,-79.33879859999999
771,7704,24 Mountjoy Ave,43.6808774,-79.3304491
772,7864,Sussex Ave / St George St,43.6654273,-79.39897549999999
773,7827,Chatham Ave / Byron Ave,43.6798693,-79.3349832
774,7898,University Ave / Gerrard St W - SMART(South),43.65753,-79.38962599999999
775,7762,College St / Henry St ,43.658947,-79.39469869999999
776,7824,Warden Subway Station,43.71358679999999,-79.27977779999999
777,7895,Keele St / Lloyd Ave,43.6713562,-79.4670837
778,7894,Millwood Rd / Southvale Dr,43.7024935,-79.3615495
779,7919,Armel Ct / Albion Rd,43.7212985,-79.5458185
780,7694,Victoria Park Ave / Dawes Rd,43.707212,-79.2952873
781,7776,Ferrand Dr / Rochefort Dr,43.7194158,-79.3319669
782,7914,York St / Wellington St W (2),43.6461191,-79.38280429999999
783,7859,Mallaby Park ,43.7059177,-79.53268159999999
784,7839,Lake Shore Blvd W / Seventeenth St,43.5984133,-79.5160195
785,7799,Danforth Ave / Danforth Rd,43.6936733,-79.2772238
786,7865,2700 Eglinton Ave W,43.68988119999999,-79.4784617
787,7759,The Pond Rd / Shoreham Dr,43.772419,-79.5114186
788,7819,Avenue Rd / Oxton Ave ,43.6973549,-79.4055571
789,7888,The Kingsway / Ashley Rd,43.6627248,-79.5195785
790,7855,Scarlett Rd / Eileen Ave,43.6680026,-79.50043149999999
791,7885,Brooklawn Ave / Kingston Rd,43.7218801,-79.2363259
792,7893,Overlea Blvd / Thorncliffe Park Dr,43.7074173,-79.34356679999999
793,7836,Harvie Ave / Rogers Rd,43.6839411,-79.45288649999999
794,7751,Willingdon Blvd / Bloor St W (Green P),43.6476125,-79.5100065
795,7745,Bert Robinson Park,43.6877883,-79.4610565
796,7844,Second St / Lake Shore Blvd W,43.6328215,-79.4363268
797,7800,Brimley Rd / McCowan District Park,43.7270822,-79.2440379
798,7749,Wendover Rd / Bloor St W (Green P),43.64838899999999,-79.5065815
799,7737,Kingston Rd / Glen Everest Rd,43.6977498,-79.2565517
800,7923,Trethewey Dr / Jane St,43.697606,-79.5023109
801,7767,Pioneer Village Subway Station,43.7771693,-79.5103292
802,7834,Glen Long Community Centre,43.7087528,-79.4561082
803,7897,50 Overlea Blvd,43.7077951,-79.34545709999999
804,7733,Pharmacy Ave / Danforth Ave,43.6923293,-79.28337850000001
805,7754,Walter Saunders Park,43.6996326,-79.4480616
806,7735,Birchcliff Ave / Kingston Rd,43.6914772,-79.2647447
807,7829,Tiago Ave / Westview Blvd,43.7111458,-79.3070872
808,7884,Bartley Park ,43.7224219,-79.3087044
809,7698,St Clair Ave W / Caledonia Rd,43.6754247,-79.4547813
810,7873,Sentinel Rd / Finch Ave W,43.7611774,-79.49997859999999
811,7743,Eglinton Ave W / Gilbert Ave,43.69269329999999,-79.4635167
812,7741,Howard Park Ave / Parkside Dr,43.64866970000001,-79.4577979
813,7896,Arlington Parkette,43.6914411,-79.4332913
814,7934,19 Glendora Ave,43.7590391,-79.40930519999999
815,7778,75 Thorncliffe Park Dr,43.7053074,-79.341231
816,7854,Jane St / Haney Ave,43.6739867,-79.494736
817,7758,Driftwood Ave / Finch Corridor Trail,43.7604421,-79.5165921
818,7902,Gunns Rd / Lavender Creek Trail,43.6754687,-79.4721118
819,7840,Mabelle Park,43.64553,-79.52821349999999
820,7849,Viewmount Park,43.70707090000001,-79.4379142
821,7878,Weston Rd / Sheppard Ave W,43.7337289,-79.5383085
822,7811,Midland Ave / Kingston Rd,43.7110458,-79.2481552
823,7921,Islington Ave / Finch Ave W,43.7461533,-79.5686578
824,7879,Weston Rd / Lanyard Rd,43.748286,-79.5415379
825,7877,Jane St / Yorkwoods Gt,43.7507463,-79.5159801
826,7756,Tobermory Dr / Finch Corridor Trail,43.7617315,-79.5107778
827,7876,Jane St / Yewtree Blvd,43.75485219999999,-79.5170134
828,7825,Kingston Rd / Scarborough Golf Club Rd,43.7460969,-79.209395
829,7801,Parkcrest Dr / Kingston Rd,43.735897,-79.2202014
830,7852,York Recreation Centre,43.6877965,-79.4819816
831,7830,Plaxton Dr / St Clair Ave E,43.7077264,-79.30267680000001
832,7868,Sheppard Ave W / Chesswood Dr,43.75552880000001,-79.4742644
833,7738,Highview Ave / Kennedy Rd,43.7025171,-79.2557355
834,7740,Sharpe St / Park St (Sandown Park),43.7100852,-79.25339629999999
835,7742,Eglinton Ave W / Prospect Cemetery,43.67712359999999,-79.4515897
836,7774,Grenoble Dr / Deauville Ln,43.7165808,-79.3303456
837,7784,Downsview Park Blvd / Keele St  - SMART,43.7369956,-79.484567
838,7831,Victoria Park Ave / Edge Park Ave,43.7178541,-79.2997953
839,7812,Bellamy Rd S / Kingston Rd,43.7319648,-79.2245669
840,7828,Wakunda Pl / O'Connor Dr,43.71601460000001,-79.3049704
841,7806,Danforth Rd / Birchmount Rd ,43.70698549999999,-79.26812890000001
842,7782,Downsview Park Subway Station - SMART,43.7534991,-79.478955
843,7775,Grenoble Dr / Vendome Pl,43.7156124,-79.3280802
844,7872,Keele St / Catford Rd,43.7593264,-79.4899454
845,7874,The Pond Rd / Ian Macdonald Blvd,43.7709111,-79.4983223
846,7875,Oakdale Community Centre,43.7480638,-79.513263
847,7851,Keele St / Ingram Dr,43.699435,-79.4759586
848,7883,Wynford Heights Cres / Concorde Pl,43.72736829999999,-79.3277475
849,7814,Fenwood Ht / Kingston Rd,43.727268,-79.22971299999999
850,7920,75 Tandridge Cres,43.7288793,-79.546702
851,7918,Albion Rd/ Arcot Blvd,43.72682750000001,-79.5520458
852,7860,Cruickshank Park,43.70199179999999,-79.5262697
853,7837,Ling Rd / Morningside Ave,43.7666206,-79.1856604
854,7783,60 Carl Hall Rd - SMART,43.74829280000001,-79.475718
855,7845,Sixth St / Lake Shore Blvd W,43.6005949,-79.5069058
856,7809,Firvalley Ct / Warden Ave,43.7036864,-79.27753969999999
857,7931,Symes Rd / Glen Scarlett Rd - SMART,43.6736854,-79.4780299
858,7835,Caledonia Rd / Lotherton Pathway,43.7074429,-79.46556939999999
859,7869,Sentinel Rd / Sheppard Ave W,43.7436213,-79.49178239999999
860,7871,Jane St / Lawrence Ave W,43.7028588,-79.5036901
861,7882,Tangiers Rd / Finch Ave W,43.7640714,-79.4882334
862,7853,Trethewey Dr / Black Creek Dr,43.6945555,-79.48602079999999
863,7861,Emmett Ave,43.6876337,-79.505099
864,7886,Jane St / Finch Ave W,43.7572166,-79.5176066
865,7880,Lindylou Rd / Lanyard Rd,43.7471412,-79.5447952
866,7905,Palmerston Blvd / Herrick St,43.662175,-79.412666
867,7795,519 Church St  - SMART,43.6665106,-79.3810178
868,7793,2 Church St,43.64632659999999,-79.3737072
869,7690,Bike Shop Test Station,43.6518383,-79.4089607
